BasePeriodID,StockID,Age,TimeStep,MaturationRate,areaID,runID
1,1,2,3,0.019272,5,3
1,1,3,3,0.530013,5,3
1,1,4,3,0.990565,5,3
1,1,5,3,1,5,3
1,2,2,3,0.019272,5,3
1,2,3,3,0.530013,5,3
1,2,4,3,0.990565,5,3
1,2,5,3,1,5,3
1,3,2,3,0.013071,5,1
1,3,3,2,0.007387,5,1
1,3,3,3,0.370467,5,1
1,3,4,2,0.028868,5,1
1,3,4,3,0.946824,5,1
1,3,5,2,0.14939,5,1
1,3,5,3,1,5,1
1,4,2,3,0.013071,5,1
1,4,3,2,0.007387,5,1
1,4,3,3,0.370467,5,1
1,4,4,2,0.028868,5,1
1,4,4,3,0.946824,5,1
1,4,5,2,0.14939,5,1
1,4,5,3,1,5,1
1,5,2,3,0.013071,5,1
1,5,3,2,0.007387,5,1
1,5,3,3,0.370467,5,1
1,5,4,2,0.028868,5,1
1,5,4,3,0.946824,5,1
1,5,5,2,0.14939,5,1
1,5,5,3,1,5,1
1,6,2,3,0.013071,5,1
1,6,3,2,0.007387,5,1
1,6,3,3,0.370467,5,1
1,6,4,2,0.028868,5,1
1,6,4,3,0.946824,5,1
1,6,5,2,0.14939,5,1
1,6,5,3,1,5,1
1,7,2,3,0.039817,5,3
1,7,3,2,0.00086,5,3
1,7,3,3,0.261764,5,3
1,7,4,2,0.002173,5,3
1,7,4,3,0.757776,5,3
1,7,5,3,1,5,3
1,8,2,3,0.039817,5,3
1,8,3,2,0.00086,5,3
1,8,3,3,0.261764,5,3
1,8,4,2,0.002173,5,3
1,8,4,3,0.757776,5,3
1,8,5,3,1,5,3
1,9,2,3,0.039237,5,3
1,9,3,2,0.000854,5,3
1,9,3,3,0.263998,5,3
1,9,4,2,0.00217,5,3
1,9,4,3,0.75783,5,3
1,9,5,3,1,5,3
1,10,2,3,0.039237,5,3
1,10,3,2,0.000854,5,3
1,10,3,3,0.263998,5,3
1,10,4,2,0.00217,5,3
1,10,4,3,0.75783,5,3
1,10,5,3,1,5,3
1,11,2,2,0.000561,5,1
1,11,2,3,0.006457,5,1
1,11,3,2,0.063073,5,1
1,11,3,3,0.065554,5,1
1,11,4,2,0.369246,5,1
1,11,4,3,0.673702,5,1
1,11,5,2,0.346271,5,1
1,11,5,3,1,5,1
1,12,2,2,0.000561,5,1
1,12,2,3,0.006457,5,1
1,12,3,2,0.063073,5,1
1,12,3,3,0.065554,5,1
1,12,4,2,0.369246,5,1
1,12,4,3,0.673702,5,1
1,12,5,2,0.346271,5,1
1,12,5,3,1,5,1
1,13,2,3,0.010654,5,3
1,13,3,3,0.14753,5,3
1,13,4,3,0.871396,5,3
1,13,5,3,1,5,3
1,14,2,3,0.010654,5,3
1,14,3,3,0.14753,5,3
1,14,4,3,0.871396,5,3
1,14,5,3,1,5,3
1,15,2,3,0.026686,5,3
1,15,3,3,0.146727,5,3
1,15,4,3,0.803566,5,3
1,15,5,3,1,5,3
1,16,2,3,0.026686,5,3
1,16,3,3,0.146727,5,3
1,16,4,3,0.803566,5,3
1,16,5,3,1,5,3
1,17,2,3,0.022729,5,3
1,17,3,2,0.000224,5,3
1,17,3,3,0.263644,5,3
1,17,4,3,0.962264,5,3
1,17,5,3,1,5,3
1,18,2,3,0.022729,5,3
1,18,3,2,0.000224,5,3
1,18,3,3,0.263644,5,3
1,18,4,3,0.962264,5,3
1,18,5,3,1,5,3
1,19,2,3,0.010857,5,3
1,19,3,3,0.060797,5,3
1,19,4,3,0.343029,5,3
1,19,5,3,1,5,3
1,20,2,3,0.010857,5,3
1,20,3,3,0.060797,5,3
1,20,4,3,0.343029,5,3
1,20,5,3,1,5,3
1,21,2,3,0.038397,5,3
1,21,3,3,0.367476,5,3
1,21,4,3,0.95562,5,3
1,21,5,3,1,5,3
1,22,2,3,0.038397,5,3
1,22,3,3,0.367476,5,3
1,22,4,3,0.95562,5,3
1,22,5,3,1,5,3
1,23,2,3,0.08448,5,9
1,23,3,3,0.12315,5,9
1,23,4,3,0.810724,5,9
1,23,5,3,1,5,9
1,24,2,3,0.08448,5,9
1,24,3,3,0.12315,5,9
1,24,4,3,0.810724,5,9
1,24,5,3,1,5,9
1,25,2,3,0.095358,5,3
1,25,3,3,0.477669,5,3
1,25,4,3,0.976954,5,3
1,25,5,3,1,5,3
1,26,2,3,0.095358,5,3
1,26,3,3,0.477669,5,3
1,26,4,3,0.976954,5,3
1,26,5,3,1,5,3
1,27,2,3,0.07583,5,3
1,27,3,3,0.11857,5,3
1,27,4,3,0.831605,5,3
1,27,5,3,1,5,3
1,28,2,3,0.07583,5,3
1,28,3,3,0.11857,5,3
1,28,4,3,0.831605,5,3
1,28,5,3,1,5,3
1,29,2,2,0.004054,5,1
1,29,2,3,0.070428,5,1
1,29,3,2,0.05916,5,1
1,29,3,3,0.257753,5,1
1,29,4,2,0.209985,5,1
1,29,4,3,0.883721,5,1
1,29,5,2,0.20073,5,1
1,29,5,3,1,5,1
1,30,2,2,0.004054,5,1
1,30,2,3,0.070428,5,1
1,30,3,2,0.05916,5,1
1,30,3,3,0.257753,5,1
1,30,4,2,0.209985,5,1
1,30,4,3,0.883721,5,1
1,30,5,2,0.20073,5,1
1,30,5,3,1,5,1
1,31,2,3,0.066962,5,3
1,31,3,3,0.462435,5,3
1,31,4,3,0.956863,5,3
1,31,5,3,1,5,3
1,32,2,3,0.066962,5,3
1,32,3,3,0.462435,5,3
1,32,4,3,0.956863,5,3
1,32,5,3,1,5,3
1,33,2,3,0.318791,5,3
1,33,3,3,0.273159,5,3
1,33,4,3,0.923811,5,3
1,33,5,3,1,5,3
1,34,2,3,0.318791,5,3
1,34,3,3,0.273159,5,3
1,34,4,3,0.923811,5,3
1,34,5,3,1,5,3
1,35,2,3,0.023808,3,3
1,35,3,3,0.268888,3,3
1,35,4,3,0.962959,3,3
1,35,5,3,1,3,3
1,36,2,3,0.023808,3,3
1,36,3,3,0.268888,3,3
1,36,4,3,0.962959,3,3
1,36,5,3,1,3,3
1,37,2,3,0.041612,2,9
1,37,3,3,0.736122,2,9
1,37,4,3,0.994412,2,9
1,37,5,3,1,2,9
1,38,2,3,0.041612,2,9
1,38,3,3,0.736122,2,9
1,38,4,3,0.994412,2,9
1,38,5,3,1,2,9
1,39,2,3,0.046569,4,9
1,39,3,3,0.267635,4,9
1,39,4,3,0.842291,4,9
1,39,5,3,1,4,9
1,40,2,3,0.046569,4,9
1,40,3,3,0.267635,4,9
1,40,4,3,0.842291,4,9
1,40,5,3,1,4,9
1,41,2,3,0.010008,3,9
1,41,3,3,0.038648,3,9
1,41,4,3,0.40214,3,9
1,41,5,3,1,3,9
1,42,2,3,0.010008,3,9
1,42,3,3,0.038648,3,9
1,42,4,3,0.40214,3,9
1,42,5,3,1,3,9
1,43,2,3,0.095653,3,9
1,43,3,3,0.812117,3,9
1,43,4,3,0.994619,3,9
1,43,5,3,1,3,9
1,44,2,3,0.095653,3,9
1,44,3,3,0.812117,3,9
1,44,4,3,0.994619,3,9
1,44,5,3,1,3,9
1,45,2,3,0.005757,3,2
1,45,3,2,0.008592,3,2
1,45,3,3,0.081049,3,2
1,45,4,2,0.114989,3,2
1,45,4,3,0.465886,3,2
1,45,5,2,0.284201,3,2
1,45,5,3,1,3,2
1,46,2,3,0.005757,3,2
1,46,3,2,0.008592,3,2
1,46,3,3,0.081049,3,2
1,46,4,2,0.114989,3,2
1,46,4,3,0.465886,3,2
1,46,5,2,0.284201,3,2
1,46,5,3,1,3,2
1,47,2,3,0.067378,3,9
1,47,3,3,0.3008,3,9
1,47,4,3,0.779443,3,9
1,47,5,3,1,3,9
1,48,2,3,0.067378,3,9
1,48,3,3,0.3008,3,9
1,48,4,3,0.779443,3,9
1,48,5,3,1,3,9
1,49,2,1,0.174161,3,1
1,49,2,4,0.616606,3,1
1,49,3,1,0.616606,3,1
1,49,3,4,0.925017,3,1
1,49,4,1,0.925017,3,1
1,49,4,4,1,3,1
1,49,5,1,1,3,1
1,49,5,3,1,3,1
1,50,2,1,0.174161,3,1
1,50,2,4,0.616606,3,1
1,50,3,1,0.616606,3,1
1,50,3,4,0.925017,3,1
1,50,4,1,0.925017,3,1
1,50,4,4,1,3,1
1,50,5,1,1,3,1
1,50,5,3,1,3,1
1,51,2,1,0.045308,3,1
1,51,2,4,0.63253,3,1
1,51,3,1,0.63253,3,1
1,51,3,4,0.957628,3,1
1,51,4,1,0.957628,3,1
1,51,4,4,1,3,1
1,51,5,1,1,3,1
1,51,5,3,1,3,1
1,52,2,1,0.045308,3,1
1,52,2,4,0.63253,3,1
1,52,3,1,0.63253,3,1
1,52,3,4,0.957628,3,1
1,52,4,1,0.957628,3,1
1,52,4,4,1,3,1
1,52,5,1,1,3,1
1,52,5,3,1,3,1
1,53,2,3,0.083528,3,3
1,53,3,3,0.37914,3,3
1,53,4,3,0.887198,3,3
1,53,5,3,1,3,3
1,54,2,3,0.083528,3,3
1,54,3,3,0.37914,3,3
1,54,4,3,0.887198,3,3
1,54,5,3,1,3,3
1,55,2,3,0.020844,2,3
1,55,3,3,0.256334,2,3
1,55,4,3,0.664426,2,3
1,55,5,3,1,2,3
1,56,2,3,0.020844,2,3
1,56,3,3,0.256334,2,3
1,56,4,3,0.664426,2,3
1,56,5,3,1,2,3
1,57,2,3,0.028053,6,3
1,57,3,3,0.225582,6,3
1,57,4,3,0.778001,6,3
1,57,5,3,1,6,3
1,58,2,3,0.028053,6,3
1,58,3,3,0.225582,6,3
1,58,4,3,0.778001,6,3
1,58,5,3,1,6,3
1,59,2,3,0.101243,5,3
1,59,3,3,0.35911,5,3
1,59,4,3,0.974287,5,3
1,59,5,3,1,5,3
1,60,2,3,0.101243,5,3
1,60,3,3,0.35911,5,3
1,60,4,3,0.974287,5,3
1,60,5,3,1,5,3
1,61,2,3,0.019019,5,2
1,61,3,3,0.203427,5,2
1,61,4,3,0.959596,5,2
1,61,5,3,1,5,2
1,62,2,3,0.019019,5,2
1,62,3,3,0.203427,5,2
1,62,4,3,0.959596,5,2
1,62,5,3,1,5,2
1,63,2,3,0.120406,5,9
1,63,3,3,0.422798,5,9
1,63,4,3,0.943694,5,9
1,63,5,3,1,5,9
1,64,2,3,0.120406,5,9
1,64,3,3,0.422798,5,9
1,64,4,3,0.943694,5,9
1,64,5,3,1,5,9
1,65,2,3,0.059227,3,1
1,65,3,2,0.042973,3,1
1,65,3,3,0.181846,3,1
1,65,4,2,0.144575,3,1
1,65,4,3,0.78443,3,1
1,65,5,2,0.263841,3,1
1,65,5,3,1,3,1
1,66,2,3,0.059227,3,1
1,66,3,2,0.042973,3,1
1,66,3,3,0.181846,3,1
1,66,4,2,0.144575,3,1
1,66,4,3,0.78443,3,1
1,66,5,2,0.263841,3,1
1,66,5,3,1,3,1
1,67,2,3,0.04478,3,9
1,67,3,3,0.384302,3,9
1,67,4,3,0.855082,3,9
1,67,5,3,1,3,9
1,68,2,3,0.04478,3,9
1,68,3,3,0.384302,3,9
1,68,4,3,0.855082,3,9
1,68,5,3,1,3,9
1,69,2,3,0.117259,1,3
1,69,3,3,0.713231,1,3
1,69,4,3,0.999098,1,3
1,69,5,3,1,1,3
1,70,2,3,0.117259,1,3
1,70,3,3,0.713231,1,3
1,70,4,3,0.999098,1,3
1,70,5,3,1,1,3
1,71,3,3,0.125297,2,3
1,71,4,3,0.480013,2,3
1,71,5,3,1,2,3
1,72,3,3,0.125297,2,3
1,72,4,3,0.480013,2,3
1,72,5,3,1,2,3
1,73,2,3,0.00456,2,9
1,73,3,3,0.120146,2,9
1,73,4,3,0.497844,2,9
1,73,5,3,1,2,9
1,74,2,3,0.00456,2,9
1,74,3,3,0.120146,2,9
1,74,4,3,0.497844,2,9
1,74,5,3,1,2,9
1,75,2,3,0.025174,3,9
1,75,3,3,0.167323,3,9
1,75,4,3,0.617477,3,9
1,75,5,3,1,3,9
1,76,2,3,0.025174,3,9
1,76,3,3,0.167323,3,9
1,76,4,3,0.617477,3,9
1,76,5,3,1,3,9
1,77,2,3,0.038997,2,3
1,77,3,3,0.189633,2,3
1,77,4,3,0.63172,2,3
1,77,5,3,1,2,3
1,78,2,3,0.038997,2,3
1,78,3,3,0.189633,2,3
1,78,4,3,0.63172,2,3
1,78,5,3,1,2,3
2,1,2,3,0.019178,5,3
2,1,3,3,0.533096,5,3
2,1,4,3,0.990586,5,3
2,1,5,3,1,5,3
2,2,2,3,0.019178,5,3
2,2,3,3,0.533096,5,3
2,2,4,3,0.990586,5,3
2,2,5,3,1,5,3
2,3,2,3,0.013237,5,1
2,3,3,2,0.007453,5,1
2,3,3,3,0.374453,5,1
2,3,4,2,0.028951,5,1
2,3,4,3,0.942439,5,1
2,3,5,2,0.14939,5,1
2,3,5,3,1,5,1
2,4,2,3,0.013237,5,1
2,4,3,2,0.007453,5,1
2,4,3,3,0.374453,5,1
2,4,4,2,0.028951,5,1
2,4,4,3,0.942439,5,1
2,4,5,2,0.14939,5,1
2,4,5,3,1,5,1
2,5,2,3,0.013237,5,1
2,5,3,2,0.007453,5,1
2,5,3,3,0.374453,5,1
2,5,4,2,0.028951,5,1
2,5,4,3,0.942439,5,1
2,5,5,2,0.14939,5,1
2,5,5,3,1,5,1
2,6,2,3,0.013237,5,1
2,6,3,2,0.007453,5,1
2,6,3,3,0.374453,5,1
2,6,4,2,0.028951,5,1
2,6,4,3,0.942439,5,1
2,6,5,2,0.14939,5,1
2,6,5,3,1,5,1
2,7,2,3,0.040045,5,3
2,7,3,2,0.000788,5,3
2,7,3,3,0.261882,5,3
2,7,4,2,0.001829,5,3
2,7,4,3,0.759423,5,3
2,7,5,3,1,5,3
2,8,2,3,0.040045,5,3
2,8,3,2,0.000788,5,3
2,8,3,3,0.261882,5,3
2,8,4,2,0.001829,5,3
2,8,4,3,0.759423,5,3
2,8,5,3,1,5,3
2,9,2,3,0.039641,5,3
2,9,3,2,0.000785,5,3
2,9,3,3,0.261649,5,3
2,9,4,2,0.001827,5,3
2,9,4,3,0.759078,5,3
2,9,5,3,1,5,3
2,10,2,3,0.039641,5,3
2,10,3,2,0.000785,5,3
2,10,3,3,0.261649,5,3
2,10,4,2,0.001827,5,3
2,10,4,3,0.759078,5,3
2,10,5,3,1,5,3
2,11,2,2,0.000564,5,1
2,11,2,3,0.006491,5,1
2,11,3,2,0.063418,5,1
2,11,3,3,0.065492,5,1
2,11,4,2,0.36896,5,1
2,11,4,3,0.671582,5,1
2,11,5,2,0.346271,5,1
2,11,5,3,1,5,1
2,12,2,2,0.000564,5,1
2,12,2,3,0.006491,5,1
2,12,3,2,0.063418,5,1
2,12,3,3,0.065492,5,1
2,12,4,2,0.36896,5,1
2,12,4,3,0.671582,5,1
2,12,5,2,0.346271,5,1
2,12,5,3,1,5,1
2,13,2,3,0.011029,5,3
2,13,3,3,0.149806,5,3
2,13,4,3,0.876923,5,3
2,13,5,3,1,5,3
2,14,2,3,0.011029,5,3
2,14,3,3,0.149806,5,3
2,14,4,3,0.876923,5,3
2,14,5,3,1,5,3
2,15,2,3,0.027137,5,3
2,15,3,3,0.142963,5,3
2,15,4,3,0.803527,5,3
2,15,5,3,1,5,3
2,16,2,3,0.027137,5,3
2,16,3,3,0.142963,5,3
2,16,4,3,0.803527,5,3
2,16,5,3,1,5,3
2,17,2,3,0.022965,5,3
2,17,3,2,0.000187,5,3
2,17,3,3,0.265293,5,3
2,17,4,3,0.964643,5,3
2,17,5,3,1,5,3
2,18,2,3,0.022965,5,3
2,18,3,2,0.000187,5,3
2,18,3,3,0.265293,5,3
2,18,4,3,0.964643,5,3
2,18,5,3,1,5,3
2,19,2,3,0.010585,5,3
2,19,3,3,0.064195,5,3
2,19,4,3,0.428346,5,3
2,19,5,3,1,5,3
2,20,2,3,0.010585,5,3
2,20,3,3,0.064195,5,3
2,20,4,3,0.428346,5,3
2,20,5,3,1,5,3
2,21,2,3,0.038364,5,3
2,21,3,3,0.368807,5,3
2,21,4,3,0.959158,5,3
2,21,5,3,1,5,3
2,22,2,3,0.038364,5,3
2,22,3,3,0.368807,5,3
2,22,4,3,0.959158,5,3
2,22,5,3,1,5,3
2,23,2,3,0.082738,5,9
2,23,3,3,0.120998,5,9
2,23,4,3,0.820481,5,9
2,23,5,3,1,5,9
2,24,2,3,0.082738,5,9
2,24,3,3,0.120998,5,9
2,24,4,3,0.820481,5,9
2,24,5,3,1,5,9
2,25,2,3,0.094064,5,3
2,25,3,3,0.476249,5,3
2,25,4,3,0.976702,5,3
2,25,5,3,1,5,3
2,26,2,3,0.094064,5,3
2,26,3,3,0.476249,5,3
2,26,4,3,0.976702,5,3
2,26,5,3,1,5,3
2,27,2,3,0.073478,5,3
2,27,3,3,0.115864,5,3
2,27,4,3,0.84182,5,3
2,27,5,3,1,5,3
2,28,2,3,0.073478,5,3
2,28,3,3,0.115864,5,3
2,28,4,3,0.84182,5,3
2,28,5,3,1,5,3
2,29,2,2,0.00401,5,1
2,29,2,3,0.069699,5,1
2,29,3,2,0.058719,5,1
2,29,3,3,0.25581,5,1
2,29,4,2,0.209236,5,1
2,29,4,3,0.883252,5,1
2,29,5,2,0.200729,5,1
2,29,5,3,1,5,1
2,30,2,2,0.00401,5,1
2,30,2,3,0.069699,5,1
2,30,3,2,0.058719,5,1
2,30,3,3,0.25581,5,1
2,30,4,2,0.209236,5,1
2,30,4,3,0.883252,5,1
2,30,5,2,0.200729,5,1
2,30,5,3,1,5,1
2,31,2,3,0.066773,5,3
2,31,3,3,0.462215,5,3
2,31,4,3,0.956809,5,3
2,31,5,3,1,5,3
2,32,2,3,0.066773,5,3
2,32,3,3,0.462215,5,3
2,32,4,3,0.956809,5,3
2,32,5,3,1,5,3
2,33,2,3,0.313007,5,3
2,33,3,3,0.267195,5,3
2,33,4,3,0.919698,5,3
2,33,5,3,1,5,3
2,34,2,3,0.313007,5,3
2,34,3,3,0.267195,5,3
2,34,4,3,0.919698,5,3
2,34,5,3,1,5,3
2,35,2,3,0.024146,3,3
2,35,3,3,0.271314,3,3
2,35,4,3,0.965267,3,3
2,35,5,3,1,3,3
2,36,2,3,0.024146,3,3
2,36,3,3,0.271314,3,3
2,36,4,3,0.965267,3,3
2,36,5,3,1,3,3
2,37,2,3,0.041326,2,9
2,37,3,3,0.731503,2,9
2,37,4,3,0.964206,2,9
2,37,5,3,1,2,9
2,38,2,3,0.041326,2,9
2,38,3,3,0.731503,2,9
2,38,4,3,0.964206,2,9
2,38,5,3,1,2,9
2,39,2,3,0.046443,4,9
2,39,3,3,0.266905,4,9
2,39,4,3,0.841763,4,9
2,39,5,3,1,4,9
2,40,2,3,0.046443,4,9
2,40,3,3,0.266905,4,9
2,40,4,3,0.841763,4,9
2,40,5,3,1,4,9
2,41,2,3,0.009895,3,9
2,41,3,3,0.038197,3,9
2,41,4,3,0.399474,3,9
2,41,5,3,1,3,9
2,42,2,3,0.009895,3,9
2,42,3,3,0.038197,3,9
2,42,4,3,0.399474,3,9
2,42,5,3,1,3,9
2,43,2,3,0.094981,3,9
2,43,3,3,0.809809,3,9
2,43,4,3,0.973899,3,9
2,43,5,3,1,3,9
2,44,2,3,0.094981,3,9
2,44,3,3,0.809809,3,9
2,44,4,3,0.973899,3,9
2,44,5,3,1,3,9
2,45,2,3,0.0057,3,2
2,45,3,2,0.00849,3,2
2,45,3,3,0.080142,3,2
2,45,4,2,0.113701,3,2
2,45,4,3,0.464022,3,2
2,45,5,2,0.28337,3,2
2,45,5,3,1,3,2
2,46,2,3,0.0057,3,2
2,46,3,2,0.00849,3,2
2,46,3,3,0.080142,3,2
2,46,4,2,0.113701,3,2
2,46,4,3,0.464022,3,2
2,46,5,2,0.28337,3,2
2,46,5,3,1,3,2
2,47,2,3,0.066336,3,9
2,47,3,3,0.296646,3,9
2,47,4,3,0.77649,3,9
2,47,5,3,1,3,9
2,48,2,3,0.066336,3,9
2,48,3,3,0.296646,3,9
2,48,4,3,0.77649,3,9
2,48,5,3,1,3,9
2,49,2,1,0.173602,3,1
2,49,2,4,0.61457,3,1
2,49,3,1,0.61457,3,1
2,49,3,4,0.926316,3,1
2,49,4,1,0.926316,3,1
2,49,4,4,1,3,1
2,49,5,1,1,3,1
2,49,5,3,1,3,1
2,50,2,1,0.173602,3,1
2,50,2,4,0.61457,3,1
2,50,3,1,0.61457,3,1
2,50,3,4,0.926316,3,1
2,50,4,1,0.926316,3,1
2,50,4,4,1,3,1
2,50,5,1,1,3,1
2,50,5,3,1,3,1
2,51,2,1,0.045036,3,1
2,51,2,4,0.629368,3,1
2,51,3,1,0.629368,3,1
2,51,3,4,0.957377,3,1
2,51,4,1,0.957377,3,1
2,51,4,4,1,3,1
2,51,5,1,1,3,1
2,51,5,3,1,3,1
2,52,2,1,0.045036,3,1
2,52,2,4,0.629368,3,1
2,52,3,1,0.629368,3,1
2,52,3,4,0.957377,3,1
2,52,4,1,0.957377,3,1
2,52,4,4,1,3,1
2,52,5,1,1,3,1
2,52,5,3,1,3,1
2,53,2,3,0.083549,3,3
2,53,3,3,0.378593,3,3
2,53,4,3,0.886448,3,3
2,53,5,3,1,3,3
2,54,2,3,0.083549,3,3
2,54,3,3,0.378593,3,3
2,54,4,3,0.886448,3,3
2,54,5,3,1,3,3
2,55,2,3,0.020456,2,3
2,55,3,3,0.251831,2,3
2,55,4,3,0.659346,2,3
2,55,5,3,1,2,3
2,56,2,3,0.020456,2,3
2,56,3,3,0.251831,2,3
2,56,4,3,0.659346,2,3
2,56,5,3,1,2,3
2,57,2,3,0.02823,6,3
2,57,3,3,0.226375,6,3
2,57,4,3,0.77767,6,3
2,57,5,3,1,6,3
2,58,2,3,0.02823,6,3
2,58,3,3,0.226375,6,3
2,58,4,3,0.77767,6,3
2,58,5,3,1,6,3
2,59,2,3,0.100573,5,3
2,59,3,3,0.357765,5,3
2,59,4,3,0.974335,5,3
2,59,5,3,1,5,3
2,60,2,3,0.100573,5,3
2,60,3,3,0.357765,5,3
2,60,4,3,0.974335,5,3
2,60,5,3,1,5,3
2,61,2,3,0.019169,5,2
2,61,3,3,0.20489,5,2
2,61,4,3,0.959619,5,2
2,61,5,3,1,5,2
2,62,2,3,0.019169,5,2
2,62,3,3,0.20489,5,2
2,62,4,3,0.959619,5,2
2,62,5,3,1,5,2
2,63,2,3,0.119552,5,9
2,63,3,3,0.421315,5,9
2,63,4,3,0.943165,5,9
2,63,5,3,1,5,9
2,64,2,3,0.119552,5,9
2,64,3,3,0.421315,5,9
2,64,4,3,0.943165,5,9
2,64,5,3,1,5,9
2,65,2,3,0.058014,3,1
2,65,3,2,0.042128,3,1
2,65,3,3,0.179082,3,1
2,65,4,2,0.143545,3,1
2,65,4,3,0.78756,3,1
2,65,5,2,0.26384,3,1
2,65,5,3,1,3,1
2,66,2,3,0.058014,3,1
2,66,3,2,0.042128,3,1
2,66,3,3,0.179082,3,1
2,66,4,2,0.143545,3,1
2,66,4,3,0.78756,3,1
2,66,5,2,0.26384,3,1
2,66,5,3,1,3,1
2,67,2,3,0.044355,3,9
2,67,3,3,0.383246,3,9
2,67,4,3,0.854477,3,9
2,67,5,3,1,3,9
2,68,2,3,0.044355,3,9
2,68,3,3,0.383246,3,9
2,68,4,3,0.854477,3,9
2,68,5,3,1,3,9
2,69,2,3,0.117472,1,3
2,69,3,3,0.712509,1,3
2,69,4,3,0.993824,1,3
2,69,5,3,1,1,3
2,70,2,3,0.117472,1,3
2,70,3,3,0.712509,1,3
2,70,4,3,0.993824,1,3
2,70,5,3,1,1,3
2,71,3,3,0.121581,2,3
2,71,4,3,0.471797,2,3
2,71,5,3,1,2,3
2,72,3,3,0.121581,2,3
2,72,4,3,0.471797,2,3
2,72,5,3,1,2,3
2,73,2,3,0.004476,2,9
2,73,3,3,0.118064,2,9
2,73,4,3,0.491252,2,9
2,73,5,3,1,2,9
2,74,2,3,0.004476,2,9
2,74,3,3,0.118064,2,9
2,74,4,3,0.491252,2,9
2,74,5,3,1,2,9
2,75,2,3,0.025019,3,9
2,75,3,3,0.165675,3,9
2,75,4,3,0.615188,3,9
2,75,5,3,1,3,9
2,76,2,3,0.025019,3,9
2,76,3,3,0.165675,3,9
2,76,4,3,0.615188,3,9
2,76,5,3,1,3,9
2,77,2,3,0.038979,2,3
2,77,3,3,0.188007,2,3
2,77,4,3,0.628666,2,3
2,77,5,3,1,2,3
2,78,2,3,0.038979,2,3
2,78,3,3,0.188007,2,3
2,78,4,3,0.628666,2,3
2,78,5,3,1,2,3
3,1,2,3,0.019173,5,3
3,1,3,3,0.533085,5,3
3,1,4,3,0.990586,5,3
3,1,5,3,1,5,3
3,2,2,3,0.019173,5,3
3,2,3,3,0.533085,5,3
3,2,4,3,0.990586,5,3
3,2,5,3,1,5,3
3,3,2,3,0.013237,5,1
3,3,3,2,0.007454,5,1
3,3,3,3,0.374454,5,1
3,3,4,2,0.028951,5,1
3,3,4,3,0.942439,5,1
3,3,5,2,0.14939,5,1
3,3,5,3,1,5,1
3,4,2,3,0.013237,5,1
3,4,3,2,0.007454,5,1
3,4,3,3,0.374454,5,1
3,4,4,2,0.028951,5,1
3,4,4,3,0.942439,5,1
3,4,5,2,0.14939,5,1
3,4,5,3,1,5,1
3,5,2,3,0.013237,5,1
3,5,3,2,0.007454,5,1
3,5,3,3,0.374454,5,1
3,5,4,2,0.028951,5,1
3,5,4,3,0.942439,5,1
3,5,5,2,0.14939,5,1
3,5,5,3,1,5,1
3,6,2,3,0.013237,5,1
3,6,3,2,0.007454,5,1
3,6,3,3,0.374454,5,1
3,6,4,2,0.028951,5,1
3,6,4,3,0.942439,5,1
3,6,5,2,0.14939,5,1
3,6,5,3,1,5,1
3,7,2,3,0.040043,5,3
3,7,3,2,0.000788,5,3
3,7,3,3,0.261861,5,3
3,7,4,2,0.001829,5,3
3,7,4,3,0.759427,5,3
3,7,5,3,1,5,3
3,8,2,3,0.040043,5,3
3,8,3,2,0.000788,5,3
3,8,3,3,0.261861,5,3
3,8,4,2,0.001829,5,3
3,8,4,3,0.759427,5,3
3,8,5,3,1,5,3
3,9,2,3,0.039644,5,3
3,9,3,2,0.000785,5,3
3,9,3,3,0.261563,5,3
3,9,4,2,0.001827,5,3
3,9,4,3,0.759073,5,3
3,9,5,3,1,5,3
3,10,2,3,0.039644,5,3
3,10,3,2,0.000785,5,3
3,10,3,3,0.261563,5,3
3,10,4,2,0.001827,5,3
3,10,4,3,0.759073,5,3
3,10,5,3,1,5,3
3,11,2,2,0.000564,5,1
3,11,2,3,0.006491,5,1
3,11,3,2,0.063418,5,1
3,11,3,3,0.065484,5,1
3,11,4,2,0.368962,5,1
3,11,4,3,0.671579,5,1
3,11,5,2,0.346271,5,1
3,11,5,3,1,5,1
3,12,2,2,0.000564,5,1
3,12,2,3,0.006491,5,1
3,12,3,2,0.063418,5,1
3,12,3,3,0.065484,5,1
3,12,4,2,0.368962,5,1
3,12,4,3,0.671579,5,1
3,12,5,2,0.346271,5,1
3,12,5,3,1,5,1
3,13,2,3,0.011029,5,3
3,13,3,2,0.000563,5,3
3,13,3,3,0.149803,5,3
3,13,4,2,0.001954,5,3
3,13,4,3,0.876923,5,3
3,13,5,3,1,5,3
3,14,2,3,0.011029,5,3
3,14,3,2,0.000563,5,3
3,14,3,3,0.149803,5,3
3,14,4,2,0.001954,5,3
3,14,4,3,0.876923,5,3
3,14,5,3,1,5,3
3,15,2,3,0.027137,5,3
3,15,3,2,0.000406,5,3
3,15,3,3,0.142893,5,3
3,15,4,2,0.002377,5,3
3,15,4,3,0.803534,5,3
3,15,5,2,0.001663,5,3
3,15,5,3,1,5,3
3,16,2,3,0.027137,5,3
3,16,3,2,0.000406,5,3
3,16,3,3,0.142893,5,3
3,16,4,2,0.002377,5,3
3,16,4,3,0.803534,5,3
3,16,5,2,0.001663,5,3
3,16,5,3,1,5,3
3,17,2,2,0.000117,5,3
3,17,2,3,0.022965,5,3
3,17,3,2,0.001789,5,3
3,17,3,3,0.265287,5,3
3,17,4,2,0.005356,5,3
3,17,4,3,0.964643,5,3
3,17,5,2,0.007758,5,3
3,17,5,3,1,5,3
3,18,2,2,0.000117,5,3
3,18,2,3,0.022965,5,3
3,18,3,2,0.001789,5,3
3,18,3,3,0.265287,5,3
3,18,4,2,0.005356,5,3
3,18,4,3,0.964643,5,3
3,18,5,2,0.007758,5,3
3,18,5,3,1,5,3
3,19,2,2,0.000352,5,3
3,19,2,3,0.010585,5,3
3,19,3,2,0.080722,5,3
3,19,3,3,0.064195,5,3
3,19,4,2,0.290889,5,3
3,19,4,3,0.428346,5,3
3,19,5,2,0.244513,5,3
3,19,5,3,1,5,3
3,20,2,2,0.000352,5,3
3,20,2,3,0.010585,5,3
3,20,3,2,0.080722,5,3
3,20,3,3,0.064195,5,3
3,20,4,2,0.290889,5,3
3,20,4,3,0.428346,5,3
3,20,5,2,0.244513,5,3
3,20,5,3,1,5,3
3,21,2,3,0.03836,5,3
3,21,3,3,0.368788,5,3
3,21,4,3,0.959158,5,3
3,21,5,3,1,5,3
3,22,2,3,0.03836,5,3
3,22,3,3,0.368788,5,3
3,22,4,3,0.959158,5,3
3,22,5,3,1,5,3
3,23,2,3,0.082738,5,9
3,23,3,3,0.120998,5,9
3,23,4,3,0.820476,5,9
3,23,5,3,1,5,9
3,24,2,3,0.082738,5,9
3,24,3,3,0.120998,5,9
3,24,4,3,0.820476,5,9
3,24,5,3,1,5,9
3,25,2,3,0.094064,5,3
3,25,3,3,0.476249,5,3
3,25,4,3,0.976702,5,3
3,25,5,3,1,5,3
3,26,2,3,0.094064,5,3
3,26,3,3,0.476249,5,3
3,26,4,3,0.976702,5,3
3,26,5,3,1,5,3
3,27,2,3,0.073479,5,3
3,27,3,3,0.115857,5,3
3,27,4,3,0.84182,5,3
3,27,5,3,1,5,3
3,28,2,3,0.073479,5,3
3,28,3,3,0.115857,5,3
3,28,4,3,0.84182,5,3
3,28,5,3,1,5,3
3,29,2,2,0.00401,5,1
3,29,2,3,0.069699,5,1
3,29,3,2,0.058719,5,1
3,29,3,3,0.25581,5,1
3,29,4,2,0.209236,5,1
3,29,4,3,0.883252,5,1
3,29,5,2,0.200729,5,1
3,29,5,3,1,5,1
3,30,2,2,0.00401,5,1
3,30,2,3,0.069699,5,1
3,30,3,2,0.058719,5,1
3,30,3,3,0.25581,5,1
3,30,4,2,0.209236,5,1
3,30,4,3,0.883252,5,1
3,30,5,2,0.200729,5,1
3,30,5,3,1,5,1
3,31,2,3,0.066774,5,3
3,31,3,3,0.462207,5,3
3,31,4,3,0.956809,5,3
3,31,5,3,1,5,3
3,32,2,3,0.066774,5,3
3,32,3,3,0.462207,5,3
3,32,4,3,0.956809,5,3
3,32,5,3,1,5,3
3,33,2,3,0.313007,5,3
3,33,3,3,0.267195,5,3
3,33,4,3,0.919698,5,3
3,33,5,3,1,5,3
3,34,2,3,0.313007,5,3
3,34,3,3,0.267195,5,3
3,34,4,3,0.919698,5,3
3,34,5,3,1,5,3
3,35,2,3,0.024147,3,3
3,35,3,3,0.271309,3,3
3,35,4,3,0.965267,3,3
3,35,5,3,1,3,3
3,36,2,3,0.024147,3,3
3,36,3,3,0.271309,3,3
3,36,4,3,0.965267,3,3
3,36,5,3,1,3,3
3,37,2,3,0.041322,2,9
3,37,3,3,0.7315,2,9
3,37,4,3,0.964206,2,9
3,37,5,3,1,2,9
3,38,2,3,0.041322,2,9
3,38,3,3,0.7315,2,9
3,38,4,3,0.964206,2,9
3,38,5,3,1,2,9
3,39,2,3,0.046443,4,9
3,39,3,3,0.266905,4,9
3,39,4,3,0.841763,4,9
3,39,5,3,1,4,9
3,40,2,3,0.046443,4,9
3,40,3,3,0.266905,4,9
3,40,4,3,0.841763,4,9
3,40,5,3,1,4,9
3,41,2,3,0.009895,3,9
3,41,3,3,0.038197,3,9
3,41,4,3,0.399474,3,9
3,41,5,3,1,3,9
3,42,2,3,0.009895,3,9
3,42,3,3,0.038197,3,9
3,42,4,3,0.399474,3,9
3,42,5,3,1,3,9
3,43,2,3,0.094971,3,9
3,43,3,3,0.809808,3,9
3,43,4,3,0.973899,3,9
3,43,5,3,1,3,9
3,44,2,3,0.094971,3,9
3,44,3,3,0.809808,3,9
3,44,4,3,0.973899,3,9
3,44,5,3,1,3,9
3,45,2,3,0.0057,3,2
3,45,3,2,0.00849,3,2
3,45,3,3,0.080142,3,2
3,45,4,2,0.113702,3,2
3,45,4,3,0.464025,3,2
3,45,5,2,0.28337,3,2
3,45,5,3,1,3,2
3,46,2,3,0.0057,3,2
3,46,3,2,0.00849,3,2
3,46,3,3,0.080142,3,2
3,46,4,2,0.113702,3,2
3,46,4,3,0.464025,3,2
3,46,5,2,0.28337,3,2
3,46,5,3,1,3,2
3,47,2,3,0.066335,3,9
3,47,3,3,0.296646,3,9
3,47,4,3,0.77649,3,9
3,47,5,3,1,3,9
3,48,2,3,0.066335,3,9
3,48,3,3,0.296646,3,9
3,48,4,3,0.77649,3,9
3,48,5,3,1,3,9
3,49,2,1,0.173602,3,1
3,49,2,4,0.61457,3,1
3,49,3,1,0.61457,3,1
3,49,3,4,0.926316,3,1
3,49,4,1,0.926316,3,1
3,49,4,4,1,3,1
3,49,5,1,1,3,1
3,49,5,3,1,3,1
3,50,2,1,0.173602,3,1
3,50,2,4,0.61457,3,1
3,50,3,1,0.61457,3,1
3,50,3,4,0.926316,3,1
3,50,4,1,0.926316,3,1
3,50,4,4,1,3,1
3,50,5,1,1,3,1
3,50,5,3,1,3,1
3,51,2,1,0.045036,3,1
3,51,2,4,0.629368,3,1
3,51,3,1,0.629368,3,1
3,51,3,4,0.957377,3,1
3,51,4,1,0.957377,3,1
3,51,4,4,1,3,1
3,51,5,1,1,3,1
3,51,5,3,1,3,1
3,52,2,1,0.045036,3,1
3,52,2,4,0.629368,3,1
3,52,3,1,0.629368,3,1
3,52,3,4,0.957377,3,1
3,52,4,1,0.957377,3,1
3,52,4,4,1,3,1
3,52,5,1,1,3,1
3,52,5,3,1,3,1
3,53,2,3,0.083549,3,3
3,53,3,3,0.378593,3,3
3,53,4,3,0.886448,3,3
3,53,5,3,1,3,3
3,54,2,3,0.083549,3,3
3,54,3,3,0.378593,3,3
3,54,4,3,0.886448,3,3
3,54,5,3,1,3,3
3,55,2,3,0.020456,2,3
3,55,3,3,0.251831,2,3
3,55,4,3,0.659346,2,3
3,55,5,3,1,2,3
3,56,2,3,0.020456,2,3
3,56,3,3,0.251831,2,3
3,56,4,3,0.659346,2,3
3,56,5,3,1,2,3
3,57,2,3,0.028231,6,3
3,57,3,3,0.226379,6,3
3,57,4,3,0.777666,6,3
3,57,5,3,1,6,3
3,58,2,3,0.028231,6,3
3,58,3,3,0.226379,6,3
3,58,4,3,0.777666,6,3
3,58,5,3,1,6,3
3,59,2,3,0.100565,5,3
3,59,3,3,0.357765,5,3
3,59,4,3,0.974335,5,3
3,59,5,3,1,5,3
3,60,2,3,0.100565,5,3
3,60,3,3,0.357765,5,3
3,60,4,3,0.974335,5,3
3,60,5,3,1,5,3
3,61,2,3,0.019169,5,2
3,61,3,3,0.20489,5,2
3,61,4,3,0.959619,5,2
3,61,5,3,1,5,2
3,62,2,3,0.019169,5,2
3,62,3,3,0.20489,5,2
3,62,4,3,0.959619,5,2
3,62,5,3,1,5,2
3,63,2,3,0.119551,5,9
3,63,3,3,0.421311,5,9
3,63,4,3,0.943165,5,9
3,63,5,3,1,5,9
3,64,2,3,0.119551,5,9
3,64,3,3,0.421311,5,9
3,64,4,3,0.943165,5,9
3,64,5,3,1,5,9
3,65,2,3,0.058014,3,1
3,65,3,2,0.042128,3,1
3,65,3,3,0.179081,3,1
3,65,4,2,0.143545,3,1
3,65,4,3,0.78756,3,1
3,65,5,2,0.26384,3,1
3,65,5,3,1,3,1
3,66,2,3,0.058014,3,1
3,66,3,2,0.042128,3,1
3,66,3,3,0.179081,3,1
3,66,4,2,0.143545,3,1
3,66,4,3,0.78756,3,1
3,66,5,2,0.26384,3,1
3,66,5,3,1,3,1
3,67,2,3,0.044346,3,9
3,67,3,3,0.383239,3,9
3,67,4,3,0.854476,3,9
3,67,5,3,1,3,9
3,68,2,3,0.044346,3,9
3,68,3,3,0.383239,3,9
3,68,4,3,0.854476,3,9
3,68,5,3,1,3,9
3,69,2,3,0.117472,1,3
3,69,3,3,0.712509,1,3
3,69,4,3,0.993824,1,3
3,69,5,3,1,1,3
3,70,2,3,0.117472,1,3
3,70,3,3,0.712509,1,3
3,70,4,3,0.993824,1,3
3,70,5,3,1,1,3
3,71,3,3,0.121579,2,3
3,71,4,3,0.471797,2,3
3,71,5,3,1,2,3
3,72,3,3,0.121579,2,3
3,72,4,3,0.471797,2,3
3,72,5,3,1,2,3
3,73,2,3,0.004476,2,9
3,73,3,3,0.118064,2,9
3,73,4,3,0.491253,2,9
3,73,5,3,1,2,9
3,74,2,3,0.004476,2,9
3,74,3,3,0.118064,2,9
3,74,4,3,0.491253,2,9
3,74,5,3,1,2,9
3,75,2,3,0.025019,3,9
3,75,3,3,0.165675,3,9
3,75,4,3,0.615188,3,9
3,75,5,3,1,3,9
3,76,2,3,0.025019,3,9
3,76,3,3,0.165675,3,9
3,76,4,3,0.615188,3,9
3,76,5,3,1,3,9
3,77,2,3,0.038979,2,3
3,77,3,3,0.188007,2,3
3,77,4,3,0.628666,2,3
3,77,5,3,1,2,3
3,78,2,3,0.038979,2,3
3,78,3,3,0.188007,2,3
3,78,4,3,0.628666,2,3
3,78,5,3,1,2,3
4,1,2,3,0.019173,5,3
4,1,3,3,0.533087,5,3
4,1,4,3,0.990586,5,3
4,1,5,3,1,5,3
4,2,2,3,0.019173,5,3
4,2,3,3,0.533087,5,3
4,2,4,3,0.990586,5,3
4,2,5,3,1,5,3
4,3,2,3,0.013237,5,1
4,3,3,2,0.007454,5,1
4,3,3,3,0.374456,5,1
4,3,4,2,0.028951,5,1
4,3,4,3,0.942439,5,1
4,3,5,2,0.14939,5,1
4,3,5,3,1,5,1
4,4,2,3,0.013237,5,1
4,4,3,2,0.007454,5,1
4,4,3,3,0.374456,5,1
4,4,4,2,0.028951,5,1
4,4,4,3,0.942439,5,1
4,4,5,2,0.14939,5,1
4,4,5,3,1,5,1
4,5,2,3,0.013237,5,1
4,5,3,2,0.007454,5,1
4,5,3,3,0.374456,5,1
4,5,4,2,0.028951,5,1
4,5,4,3,0.942439,5,1
4,5,5,2,0.14939,5,1
4,5,5,3,1,5,1
4,6,2,3,0.013237,5,1
4,6,3,2,0.007454,5,1
4,6,3,3,0.374456,5,1
4,6,4,2,0.028951,5,1
4,6,4,3,0.942439,5,1
4,6,5,2,0.14939,5,1
4,6,5,3,1,5,1
4,7,2,3,0.040044,5,3
4,7,3,2,0.000788,5,3
4,7,3,3,0.261862,5,3
4,7,4,2,0.001829,5,3
4,7,4,3,0.759428,5,3
4,7,5,3,1,5,3
4,8,2,3,0.040044,5,3
4,8,3,2,0.000788,5,3
4,8,3,3,0.261862,5,3
4,8,4,2,0.001829,5,3
4,8,4,3,0.759428,5,3
4,8,5,3,1,5,3
4,9,2,3,0.039644,5,3
4,9,3,2,0.000785,5,3
4,9,3,3,0.261564,5,3
4,9,4,2,0.001827,5,3
4,9,4,3,0.759074,5,3
4,9,5,3,1,5,3
4,10,2,3,0.039644,5,3
4,10,3,2,0.000785,5,3
4,10,3,3,0.261564,5,3
4,10,4,2,0.001827,5,3
4,10,4,3,0.759074,5,3
4,10,5,3,1,5,3
4,11,2,2,0.000564,5,1
4,11,2,3,0.006491,5,1
4,11,3,2,0.063418,5,1
4,11,3,3,0.065485,5,1
4,11,4,2,0.368962,5,1
4,11,4,3,0.671579,5,1
4,11,5,2,0.346271,5,1
4,11,5,3,1,5,1
4,12,2,2,0.000564,5,1
4,12,2,3,0.006491,5,1
4,12,3,2,0.063418,5,1
4,12,3,3,0.065485,5,1
4,12,4,2,0.368962,5,1
4,12,4,3,0.671579,5,1
4,12,5,2,0.346271,5,1
4,12,5,3,1,5,1
4,13,2,3,0.011029,5,3
4,13,3,2,0.000563,5,3
4,13,3,3,0.149804,5,3
4,13,4,2,0.001954,5,3
4,13,4,3,0.876925,5,3
4,13,5,3,1,5,3
4,14,2,3,0.011029,5,3
4,14,3,2,0.000563,5,3
4,14,3,3,0.149804,5,3
4,14,4,2,0.001954,5,3
4,14,4,3,0.876925,5,3
4,14,5,3,1,5,3
4,15,2,3,0.027137,5,3
4,15,3,2,0.000406,5,3
4,15,3,3,0.142893,5,3
4,15,4,2,0.002377,5,3
4,15,4,3,0.803534,5,3
4,15,5,2,0.001663,5,3
4,15,5,3,1,5,3
4,16,2,3,0.027137,5,3
4,16,3,2,0.000406,5,3
4,16,3,3,0.142893,5,3
4,16,4,2,0.002377,5,3
4,16,4,3,0.803534,5,3
4,16,5,2,0.001663,5,3
4,16,5,3,1,5,3
4,17,2,2,0.000117,5,3
4,17,2,3,0.022965,5,3
4,17,3,2,0.001789,5,3
4,17,3,3,0.265288,5,3
4,17,4,2,0.005356,5,3
4,17,4,3,0.964644,5,3
4,17,5,2,0.007758,5,3
4,17,5,3,1,5,3
4,18,2,2,0.000117,5,3
4,18,2,3,0.022965,5,3
4,18,3,2,0.001789,5,3
4,18,3,3,0.265288,5,3
4,18,4,2,0.005356,5,3
4,18,4,3,0.964644,5,3
4,18,5,2,0.007758,5,3
4,18,5,3,1,5,3
4,19,2,2,0.000352,5,3
4,19,2,3,0.010585,5,3
4,19,3,2,0.080723,5,3
4,19,3,3,0.064196,5,3
4,19,4,2,0.290898,5,3
4,19,4,3,0.428367,5,3
4,19,5,2,0.244513,5,3
4,19,5,3,1,5,3
4,20,2,2,0.000352,5,3
4,20,2,3,0.010585,5,3
4,20,3,2,0.080723,5,3
4,20,3,3,0.064196,5,3
4,20,4,2,0.290898,5,3
4,20,4,3,0.428367,5,3
4,20,5,2,0.244513,5,3
4,20,5,3,1,5,3
4,21,2,3,0.03836,5,3
4,21,3,3,0.368789,5,3
4,21,4,3,0.959159,5,3
4,21,5,3,1,5,3
4,22,2,3,0.03836,5,3
4,22,3,3,0.368789,5,3
4,22,4,3,0.959159,5,3
4,22,5,3,1,5,3
4,23,2,3,0.082738,5,9
4,23,3,3,0.120998,5,9
4,23,4,3,0.820479,5,9
4,23,5,3,1,5,9
4,24,2,3,0.082738,5,9
4,24,3,3,0.120998,5,9
4,24,4,3,0.820479,5,9
4,24,5,3,1,5,9
4,25,2,3,0.094064,5,3
4,25,3,3,0.47625,5,3
4,25,4,3,0.976702,5,3
4,25,5,3,1,5,3
4,26,2,3,0.094064,5,3
4,26,3,3,0.47625,5,3
4,26,4,3,0.976702,5,3
4,26,5,3,1,5,3
4,27,2,3,0.073479,5,3
4,27,3,3,0.115857,5,3
4,27,4,3,0.841823,5,3
4,27,5,3,1,5,3
4,28,2,3,0.073479,5,3
4,28,3,3,0.115857,5,3
4,28,4,3,0.841823,5,3
4,28,5,3,1,5,3
4,29,2,2,0.002708,5,1
4,29,2,3,0.046682,5,1
4,29,3,2,0.038875,5,1
4,29,3,3,0.165935,5,1
4,29,4,2,0.156647,5,1
4,29,4,3,0.610733,5,1
4,29,5,2,0.200737,5,1
4,29,5,3,1,5,1
4,30,2,2,0.002708,5,1
4,30,2,3,0.046682,5,1
4,30,3,2,0.038875,5,1
4,30,3,3,0.165935,5,1
4,30,4,2,0.156647,5,1
4,30,4,3,0.610733,5,1
4,30,5,2,0.200737,5,1
4,30,5,3,1,5,1
4,31,2,3,0.066774,5,3
4,31,3,3,0.462209,5,3
4,31,4,3,0.956809,5,3
4,31,5,3,1,5,3
4,32,2,3,0.066774,5,3
4,32,3,3,0.462209,5,3
4,32,4,3,0.956809,5,3
4,32,5,3,1,5,3
4,33,2,3,0.313009,5,3
4,33,3,3,0.267197,5,3
4,33,4,3,0.919698,5,3
4,33,5,3,1,5,3
4,34,2,3,0.313009,5,3
4,34,3,3,0.267197,5,3
4,34,4,3,0.919698,5,3
4,34,5,3,1,5,3
4,35,2,3,0.024147,3,3
4,35,3,3,0.27131,3,3
4,35,4,3,0.965268,3,3
4,35,5,3,1,3,3
4,36,2,3,0.024147,3,3
4,36,3,3,0.27131,3,3
4,36,4,3,0.965268,3,3
4,36,5,3,1,3,3
4,37,2,3,0.041322,2,9
4,37,3,3,0.7315,2,9
4,37,4,3,0.964206,2,9
4,37,5,3,1,2,9
4,38,2,3,0.041322,2,9
4,38,3,3,0.7315,2,9
4,38,4,3,0.964206,2,9
4,38,5,3,1,2,9
4,39,2,3,0.046443,4,9
4,39,3,3,0.266905,4,9
4,39,4,3,0.841763,4,9
4,39,5,3,1,4,9
4,40,2,3,0.046443,4,9
4,40,3,3,0.266905,4,9
4,40,4,3,0.841763,4,9
4,40,5,3,1,4,9
4,41,2,3,0.009895,3,9
4,41,3,3,0.038197,3,9
4,41,4,3,0.399474,3,9
4,41,5,3,1,3,9
4,42,2,3,0.009895,3,9
4,42,3,3,0.038197,3,9
4,42,4,3,0.399474,3,9
4,42,5,3,1,3,9
4,43,2,3,0.094971,3,9
4,43,3,3,0.809809,3,9
4,43,4,3,0.973899,3,9
4,43,5,3,1,3,9
4,44,2,3,0.094971,3,9
4,44,3,3,0.809809,3,9
4,44,4,3,0.973899,3,9
4,44,5,3,1,3,9
4,45,2,3,0.0057,3,2
4,45,3,2,0.00849,3,2
4,45,3,3,0.080142,3,2
4,45,4,2,0.113702,3,2
4,45,4,3,0.464025,3,2
4,45,5,2,0.28337,3,2
4,45,5,3,1,3,2
4,46,2,3,0.0057,3,2
4,46,3,2,0.00849,3,2
4,46,3,3,0.080142,3,2
4,46,4,2,0.113702,3,2
4,46,4,3,0.464025,3,2
4,46,5,2,0.28337,3,2
4,46,5,3,1,3,2
4,47,2,3,0.066335,3,9
4,47,3,3,0.296646,3,9
4,47,4,3,0.77649,3,9
4,47,5,3,1,3,9
4,48,2,3,0.066335,3,9
4,48,3,3,0.296646,3,9
4,48,4,3,0.77649,3,9
4,48,5,3,1,3,9
4,49,2,1,0.173602,3,1
4,49,2,4,0.61457,3,1
4,49,3,1,0.61457,3,1
4,49,3,4,0.926316,3,1
4,49,4,1,0.926316,3,1
4,49,4,4,1,3,1
4,49,5,1,1,3,1
4,49,5,3,1,3,1
4,50,2,1,0.173602,3,1
4,50,2,4,0.61457,3,1
4,50,3,1,0.61457,3,1
4,50,3,4,0.926316,3,1
4,50,4,1,0.926316,3,1
4,50,4,4,1,3,1
4,50,5,1,1,3,1
4,50,5,3,1,3,1
4,51,2,1,0.045036,3,1
4,51,2,4,0.629368,3,1
4,51,3,1,0.629368,3,1
4,51,3,4,0.957377,3,1
4,51,4,1,0.957377,3,1
4,51,4,4,1,3,1
4,51,5,1,1,3,1
4,51,5,3,1,3,1
4,52,2,1,0.045036,3,1
4,52,2,4,0.629368,3,1
4,52,3,1,0.629368,3,1
4,52,3,4,0.957377,3,1
4,52,4,1,0.957377,3,1
4,52,4,4,1,3,1
4,52,5,1,1,3,1
4,52,5,3,1,3,1
4,53,2,3,0.083549,3,3
4,53,3,3,0.378593,3,3
4,53,4,3,0.886448,3,3
4,53,5,3,1,3,3
4,54,2,3,0.083549,3,3
4,54,3,3,0.378593,3,3
4,54,4,3,0.886448,3,3
4,54,5,3,1,3,3
4,55,2,3,0.020456,2,3
4,55,3,3,0.251831,2,3
4,55,4,3,0.659346,2,3
4,55,5,3,1,2,3
4,56,2,3,0.020456,2,3
4,56,3,3,0.251831,2,3
4,56,4,3,0.659346,2,3
4,56,5,3,1,2,3
4,57,2,3,0.028231,6,3
4,57,3,3,0.226379,6,3
4,57,4,3,0.777667,6,3
4,57,5,3,1,6,3
4,58,2,3,0.028231,6,3
4,58,3,3,0.226379,6,3
4,58,4,3,0.777667,6,3
4,58,5,3,1,6,3
4,59,2,3,0.100565,5,3
4,59,3,3,0.357765,5,3
4,59,4,3,0.974335,5,3
4,59,5,3,1,5,3
4,60,2,3,0.100565,5,3
4,60,3,3,0.357765,5,3
4,60,4,3,0.974335,5,3
4,60,5,3,1,5,3
4,61,2,3,0.019169,5,2
4,61,3,3,0.20489,5,2
4,61,4,3,0.959619,5,2
4,61,5,3,1,5,2
4,62,2,3,0.019169,5,2
4,62,3,3,0.20489,5,2
4,62,4,3,0.959619,5,2
4,62,5,3,1,5,2
4,63,2,3,0.119551,5,9
4,63,3,3,0.421313,5,9
4,63,4,3,0.943164,5,9
4,63,5,3,1,5,9
4,64,2,3,0.119551,5,9
4,64,3,3,0.421313,5,9
4,64,4,3,0.943164,5,9
4,64,5,3,1,5,9
4,65,2,3,0.055864,3,1
4,65,3,2,0.036871,3,1
4,65,3,3,0.155991,3,1
4,65,4,2,0.111438,3,1
4,65,4,3,0.549062,3,1
4,65,5,2,0.263845,3,1
4,65,5,3,1,3,1
4,66,2,3,0.055864,3,1
4,66,3,2,0.036871,3,1
4,66,3,3,0.155991,3,1
4,66,4,2,0.111438,3,1
4,66,4,3,0.549062,3,1
4,66,5,2,0.263845,3,1
4,66,5,3,1,3,1
4,67,2,3,0.044346,3,9
4,67,3,3,0.383239,3,9
4,67,4,3,0.854476,3,9
4,67,5,3,1,3,9
4,68,2,3,0.044346,3,9
4,68,3,3,0.383239,3,9
4,68,4,3,0.854476,3,9
4,68,5,3,1,3,9
4,69,2,3,0.117472,1,3
4,69,3,3,0.712509,1,3
4,69,4,3,0.993824,1,3
4,69,5,3,1,1,3
4,70,2,3,0.117472,1,3
4,70,3,3,0.712509,1,3
4,70,4,3,0.993824,1,3
4,70,5,3,1,1,3
4,71,3,3,0.121579,2,3
4,71,4,3,0.471797,2,3
4,71,5,3,1,2,3
4,72,3,3,0.121579,2,3
4,72,4,3,0.471797,2,3
4,72,5,3,1,2,3
4,73,2,3,0.004476,2,9
4,73,3,3,0.118064,2,9
4,73,4,3,0.491253,2,9
4,73,5,3,1,2,9
4,74,2,3,0.004476,2,9
4,74,3,3,0.118064,2,9
4,74,4,3,0.491253,2,9
4,74,5,3,1,2,9
4,75,2,3,0.025019,3,9
4,75,3,3,0.165675,3,9
4,75,4,3,0.615188,3,9
4,75,5,3,1,3,9
4,76,2,3,0.025019,3,9
4,76,3,3,0.165675,3,9
4,76,4,3,0.615188,3,9
4,76,5,3,1,3,9
4,77,2,3,0.038979,2,3
4,77,3,3,0.188007,2,3
4,77,4,3,0.628666,2,3
4,77,5,3,1,2,3
4,78,2,3,0.038979,2,3
4,78,3,3,0.188007,2,3
4,78,4,3,0.628666,2,3
4,78,5,3,1,2,3
5,1,2,3,0.019055,5,3
5,1,3,3,0.531159,5,3
5,1,4,3,0.990587,5,3
5,1,5,3,1,5,3
5,2,2,3,0.019055,5,3
5,2,3,3,0.531159,5,3
5,2,4,3,0.990587,5,3
5,2,5,3,1,5,3
5,3,2,3,0.013121,5,1
5,3,3,2,0.0074,5,1
5,3,3,3,0.371667,5,1
5,3,4,2,0.028902,5,1
5,3,4,3,0.942443,5,1
5,3,5,2,0.14939,5,1
5,3,5,3,1,5,1
5,4,2,3,0.013121,5,1
5,4,3,2,0.0074,5,1
5,4,3,3,0.371667,5,1
5,4,4,2,0.028902,5,1
5,4,4,3,0.942443,5,1
5,4,5,2,0.14939,5,1
5,4,5,3,1,5,1
5,5,2,3,0.013121,5,1
5,5,3,2,0.0074,5,1
5,5,3,3,0.371667,5,1
5,5,4,2,0.028902,5,1
5,5,4,3,0.942443,5,1
5,5,5,2,0.14939,5,1
5,5,5,3,1,5,1
5,6,2,3,0.013121,5,1
5,6,3,2,0.0074,5,1
5,6,3,3,0.371667,5,1
5,6,4,2,0.028902,5,1
5,6,4,3,0.942443,5,1
5,6,5,2,0.14939,5,1
5,6,5,3,1,5,1
5,7,2,3,0.039799,5,3
5,7,3,2,0.000783,5,3
5,7,3,3,0.260506,5,3
5,7,4,2,0.001819,5,3
5,7,4,3,0.758439,5,3
5,7,5,3,1,5,3
5,8,2,3,0.039799,5,3
5,8,3,2,0.000783,5,3
5,8,3,3,0.260506,5,3
5,8,4,2,0.001819,5,3
5,8,4,3,0.758439,5,3
5,8,5,3,1,5,3
5,9,2,3,0.039407,5,3
5,9,3,2,0.00078,5,3
5,9,3,3,0.260212,5,3
5,9,4,2,0.001818,5,3
5,9,4,3,0.758087,5,3
5,9,5,3,1,5,3
5,10,2,3,0.039407,5,3
5,10,3,2,0.00078,5,3
5,10,3,3,0.260212,5,3
5,10,4,2,0.001818,5,3
5,10,4,3,0.758087,5,3
5,10,5,3,1,5,3
5,11,2,2,0.00056,5,1
5,11,2,3,0.006444,5,1
5,11,3,2,0.062971,5,1
5,11,3,3,0.065005,5,1
5,11,4,2,0.367906,5,1
5,11,4,3,0.668676,5,1
5,11,5,2,0.346271,5,1
5,11,5,3,1,5,1
5,12,2,2,0.00056,5,1
5,12,2,3,0.006444,5,1
5,12,3,2,0.062971,5,1
5,12,3,3,0.065005,5,1
5,12,4,2,0.367906,5,1
5,12,4,3,0.668676,5,1
5,12,5,2,0.346271,5,1
5,12,5,3,1,5,1
5,13,2,3,0.011066,5,3
5,13,3,2,0.000719,5,3
5,13,3,3,0.148312,5,3
5,13,4,2,0.002515,5,3
5,13,4,3,0.875803,5,3
5,13,5,3,1,5,3
5,14,2,3,0.011066,5,3
5,14,3,2,0.000719,5,3
5,14,3,3,0.148312,5,3
5,14,4,2,0.002515,5,3
5,14,4,3,0.875803,5,3
5,14,5,3,1,5,3
5,15,2,3,0.027018,5,3
5,15,3,2,0.000516,5,3
5,15,3,3,0.140937,5,3
5,15,4,2,0.003054,5,3
5,15,4,3,0.801368,5,3
5,15,5,2,0.002144,5,3
5,15,5,3,1,5,3
5,16,2,3,0.027018,5,3
5,16,3,2,0.000516,5,3
5,16,3,3,0.140937,5,3
5,16,4,2,0.003054,5,3
5,16,4,3,0.801368,5,3
5,16,5,2,0.002144,5,3
5,16,5,3,1,5,3
5,17,2,2,0.000149,5,3
5,17,2,3,0.022778,5,3
5,17,3,2,0.002234,5,3
5,17,3,3,0.263578,5,3
5,17,4,2,0.006891,5,3
5,17,4,3,0.964327,5,3
5,17,5,2,0.009981,5,3
5,17,5,3,1,5,3
5,18,2,2,0.000149,5,3
5,18,2,3,0.022778,5,3
5,18,3,2,0.002234,5,3
5,18,3,3,0.263578,5,3
5,18,4,2,0.006891,5,3
5,18,4,3,0.964327,5,3
5,18,5,2,0.009981,5,3
5,18,5,3,1,5,3
5,19,2,2,0.000702,5,3
5,19,2,3,0.015946,5,3
5,19,3,2,0.088025,5,3
5,19,3,3,0.112722,5,3
5,19,4,2,0.411567,5,3
5,19,4,3,0.727895,5,3
5,19,5,2,0.287771,5,3
5,19,5,3,1,5,3
5,20,2,2,0.000702,5,3
5,20,2,3,0.015946,5,3
5,20,3,2,0.088025,5,3
5,20,3,3,0.112722,5,3
5,20,4,2,0.411567,5,3
5,20,4,3,0.727895,5,3
5,20,5,2,0.287771,5,3
5,20,5,3,1,5,3
5,21,2,3,0.038149,5,3
5,21,3,3,0.3669,5,3
5,21,4,3,0.958527,5,3
5,21,5,3,1,5,3
5,22,2,3,0.038149,5,3
5,22,3,3,0.3669,5,3
5,22,4,3,0.958527,5,3
5,22,5,3,1,5,3
5,23,2,3,0.082304,5,9
5,23,3,3,0.120284,5,9
5,23,4,3,0.818221,5,9
5,23,5,3,1,5,9
5,24,2,3,0.082304,5,9
5,24,3,3,0.120284,5,9
5,24,4,3,0.818221,5,9
5,24,5,3,1,5,9
5,25,2,3,0.093747,5,3
5,25,3,3,0.474686,5,3
5,25,4,3,0.976709,5,3
5,25,5,3,1,5,3
5,26,2,3,0.093747,5,3
5,26,3,3,0.474686,5,3
5,26,4,3,0.976709,5,3
5,26,5,3,1,5,3
5,27,2,3,0.073127,5,3
5,27,3,3,0.115237,5,3
5,27,4,3,0.839804,5,3
5,27,5,3,1,5,3
5,28,2,3,0.073127,5,3
5,28,3,3,0.115237,5,3
5,28,4,3,0.839804,5,3
5,28,5,3,1,5,3
5,29,2,2,0.002664,5,1
5,29,2,3,0.045905,5,1
5,29,3,2,0.038279,5,1
5,29,3,3,0.163239,5,1
5,29,4,2,0.155791,5,1
5,29,4,3,0.606496,5,1
5,29,5,2,0.200737,5,1
5,29,5,3,1,5,1
5,30,2,2,0.002664,5,1
5,30,2,3,0.045905,5,1
5,30,3,2,0.038279,5,1
5,30,3,3,0.163239,5,1
5,30,4,2,0.155791,5,1
5,30,4,3,0.606496,5,1
5,30,5,2,0.200737,5,1
5,30,5,3,1,5,1
5,31,2,3,0.066418,5,3
5,31,3,3,0.460079,5,3
5,31,4,3,0.956584,5,3
5,31,5,3,1,5,3
5,32,2,3,0.066418,5,3
5,32,3,3,0.460079,5,3
5,32,4,3,0.956584,5,3
5,32,5,3,1,5,3
5,33,2,3,0.311431,5,3
5,33,3,3,0.265227,5,3
5,33,4,3,0.918948,5,3
5,33,5,3,1,5,3
5,34,2,3,0.311431,5,3
5,34,3,3,0.265227,5,3
5,34,4,3,0.918948,5,3
5,34,5,3,1,5,3
5,35,2,3,0.02401,3,3
5,35,3,3,0.270221,3,3
5,35,4,3,0.965025,3,3
5,35,5,3,1,3,3
5,36,2,3,0.02401,3,3
5,36,3,3,0.270221,3,3
5,36,4,3,0.965025,3,3
5,36,5,3,1,3,3
5,37,2,3,0.041289,2,9
5,37,3,3,0.73113,2,9
5,37,4,3,0.964206,2,9
5,37,5,3,1,2,9
5,38,2,3,0.041289,2,9
5,38,3,3,0.73113,2,9
5,38,4,3,0.964206,2,9
5,38,5,3,1,2,9
5,39,2,3,0.046428,4,9
5,39,3,3,0.266854,4,9
5,39,4,3,0.841733,4,9
5,39,5,3,1,4,9
5,40,2,3,0.046428,4,9
5,40,3,3,0.266854,4,9
5,40,4,3,0.841733,4,9
5,40,5,3,1,4,9
5,41,2,3,0.009893,3,9
5,41,3,3,0.03819,3,9
5,41,4,3,0.399422,3,9
5,41,5,3,1,3,9
5,42,2,3,0.009893,3,9
5,42,3,3,0.03819,3,9
5,42,4,3,0.399422,3,9
5,42,5,3,1,3,9
5,43,2,3,0.09491,3,9
5,43,3,3,0.809611,3,9
5,43,4,3,0.973902,3,9
5,43,5,3,1,3,9
5,44,2,3,0.09491,3,9
5,44,3,3,0.809611,3,9
5,44,4,3,0.973902,3,9
5,44,5,3,1,3,9
5,45,2,3,0.005698,3,2
5,45,3,2,0.008488,3,2
5,45,3,3,0.080121,3,2
5,45,4,2,0.113682,3,2
5,45,4,3,0.463957,3,2
5,45,5,2,0.283371,3,2
5,45,5,3,1,3,2
5,46,2,3,0.005698,3,2
5,46,3,2,0.008488,3,2
5,46,3,3,0.080121,3,2
5,46,4,2,0.113682,3,2
5,46,4,3,0.463957,3,2
5,46,5,2,0.283371,3,2
5,46,5,3,1,3,2
5,47,2,3,0.066331,3,9
5,47,3,3,0.296632,3,9
5,47,4,3,0.776474,3,9
5,47,5,3,1,3,9
5,48,2,3,0.066331,3,9
5,48,3,3,0.296632,3,9
5,48,4,3,0.776474,3,9
5,48,5,3,1,3,9
5,49,2,1,0.173549,3,1
5,49,2,4,0.614397,3,1
5,49,3,1,0.614397,3,1
5,49,3,4,0.926108,3,1
5,49,4,1,0.926108,3,1
5,49,4,4,1,3,1
5,49,5,1,1,3,1
5,49,5,3,1,3,1
5,50,2,1,0.173549,3,1
5,50,2,4,0.614397,3,1
5,50,3,1,0.614397,3,1
5,50,3,4,0.926108,3,1
5,50,4,1,0.926108,3,1
5,50,4,4,1,3,1
5,50,5,1,1,3,1
5,50,5,3,1,3,1
5,51,2,1,0.04503,3,1
5,51,2,4,0.629329,3,1
5,51,3,1,0.629329,3,1
5,51,3,4,0.957319,3,1
5,51,4,1,0.957319,3,1
5,51,4,4,1,3,1
5,51,5,1,1,3,1
5,51,5,3,1,3,1
5,52,2,1,0.04503,3,1
5,52,2,4,0.629329,3,1
5,52,3,1,0.629329,3,1
5,52,3,4,0.957319,3,1
5,52,4,1,0.957319,3,1
5,52,4,4,1,3,1
5,52,5,1,1,3,1
5,52,5,3,1,3,1
5,53,2,3,0.0835,3,3
5,53,3,3,0.378432,3,3
5,53,4,3,0.886389,3,3
5,53,5,3,1,3,3
5,54,2,3,0.0835,3,3
5,54,3,3,0.378432,3,3
5,54,4,3,0.886389,3,3
5,54,5,3,1,3,3
5,55,2,3,0.020453,2,3
5,55,3,3,0.251801,2,3
5,55,4,3,0.659311,2,3
5,55,5,3,1,2,3
5,56,2,3,0.020453,2,3
5,56,3,3,0.251801,2,3
5,56,4,3,0.659311,2,3
5,56,5,3,1,2,3
5,57,2,3,0.028192,6,3
5,57,3,3,0.226069,6,3
5,57,4,3,0.776555,6,3
5,57,5,3,1,6,3
5,58,2,3,0.028192,6,3
5,58,3,3,0.226069,6,3
5,58,4,3,0.776555,6,3
5,58,5,3,1,6,3
5,59,2,3,0.099967,5,3
5,59,3,3,0.355773,5,3
5,59,4,3,0.974244,5,3
5,59,5,3,1,5,3
5,60,2,3,0.099967,5,3
5,60,3,3,0.355773,5,3
5,60,4,3,0.974244,5,3
5,60,5,3,1,5,3
5,61,2,3,0.019136,5,2
5,61,3,3,0.204578,5,2
5,61,4,3,0.959619,5,2
5,61,5,3,1,5,2
5,62,2,3,0.019136,5,2
5,62,3,3,0.204578,5,2
5,62,4,3,0.959619,5,2
5,62,5,3,1,5,2
5,63,2,3,0.118252,5,9
5,63,3,3,0.419309,5,9
5,63,4,3,0.943174,5,9
5,63,5,3,1,5,9
5,64,2,3,0.118252,5,9
5,64,3,3,0.419309,5,9
5,64,4,3,0.943174,5,9
5,64,5,3,1,5,9
5,65,2,3,0.05494,3,1
5,65,3,2,0.036068,3,1
5,65,3,3,0.152459,3,1
5,65,4,2,0.108962,3,1
5,65,4,3,0.531418,3,1
5,65,5,2,0.263845,3,1
5,65,5,3,1,3,1
5,66,2,3,0.05494,3,1
5,66,3,2,0.036068,3,1
5,66,3,3,0.152459,3,1
5,66,4,2,0.108962,3,1
5,66,4,3,0.531418,3,1
5,66,5,2,0.263845,3,1
5,66,5,3,1,3,1
5,67,2,3,0.044323,3,9
5,67,3,3,0.383134,3,9
5,67,4,3,0.854452,3,9
5,67,5,3,1,3,9
5,68,2,3,0.044323,3,9
5,68,3,3,0.383134,3,9
5,68,4,3,0.854452,3,9
5,68,5,3,1,3,9
5,69,2,3,0.117472,1,3
5,69,3,3,0.712508,1,3
5,69,4,3,0.993824,1,3
5,69,5,3,1,1,3
5,70,2,3,0.117472,1,3
5,70,3,3,0.712508,1,3
5,70,4,3,0.993824,1,3
5,70,5,3,1,1,3
5,71,3,3,0.121575,2,3
5,71,4,3,0.471792,2,3
5,71,5,3,1,2,3
5,72,3,3,0.121575,2,3
5,72,4,3,0.471792,2,3
5,72,5,3,1,2,3
5,73,2,3,0.004475,2,9
5,73,3,3,0.118053,2,9
5,73,4,3,0.491246,2,9
5,73,5,3,1,2,9
5,74,2,3,0.004475,2,9
5,74,3,3,0.118053,2,9
5,74,4,3,0.491246,2,9
5,74,5,3,1,2,9
5,75,2,3,0.02501,3,9
5,75,3,3,0.165659,3,9
5,75,4,3,0.615178,3,9
5,75,5,3,1,3,9
5,76,2,3,0.02501,3,9
5,76,3,3,0.165659,3,9
5,76,4,3,0.615178,3,9
5,76,5,3,1,3,9
5,77,2,3,0.038963,2,3
5,77,3,3,0.187948,2,3
5,77,4,3,0.628627,2,3
5,77,5,3,1,2,3
5,78,2,3,0.038963,2,3
5,78,3,3,0.187948,2,3
5,78,4,3,0.628627,2,3
5,78,5,3,1,2,3
6,1,2,3,0.019055,5,3
6,1,3,3,0.531159,5,3
6,1,4,3,0.990587,5,3
6,1,5,3,1,5,3
6,2,2,3,0.019055,5,3
6,2,3,3,0.531159,5,3
6,2,4,3,0.990587,5,3
6,2,5,3,1,5,3
6,3,2,3,0.013121,5,1
6,3,3,2,0.0074,5,1
6,3,3,3,0.371667,5,1
6,3,4,2,0.028902,5,1
6,3,4,3,0.942443,5,1
6,3,5,2,0.14939,5,1
6,3,5,3,1,5,1
6,4,2,3,0.013121,5,1
6,4,3,2,0.0074,5,1
6,4,3,3,0.371667,5,1
6,4,4,2,0.028902,5,1
6,4,4,3,0.942443,5,1
6,4,5,2,0.14939,5,1
6,4,5,3,1,5,1
6,5,2,3,0.013121,5,1
6,5,3,2,0.0074,5,1
6,5,3,3,0.371667,5,1
6,5,4,2,0.028902,5,1
6,5,4,3,0.942443,5,1
6,5,5,2,0.14939,5,1
6,5,5,3,1,5,1
6,6,2,3,0.013121,5,1
6,6,3,2,0.0074,5,1
6,6,3,3,0.371667,5,1
6,6,4,2,0.028902,5,1
6,6,4,3,0.942443,5,1
6,6,5,2,0.14939,5,1
6,6,5,3,1,5,1
6,7,2,3,0.039799,5,3
6,7,3,2,0.000783,5,3
6,7,3,3,0.260506,5,3
6,7,4,2,0.001819,5,3
6,7,4,3,0.758439,5,3
6,7,5,3,1,5,3
6,8,2,3,0.039799,5,3
6,8,3,2,0.000783,5,3
6,8,3,3,0.260506,5,3
6,8,4,2,0.001819,5,3
6,8,4,3,0.758439,5,3
6,8,5,3,1,5,3
6,9,2,3,0.039407,5,3
6,9,3,2,0.00078,5,3
6,9,3,3,0.260212,5,3
6,9,4,2,0.001818,5,3
6,9,4,3,0.758087,5,3
6,9,5,3,1,5,3
6,10,2,3,0.039407,5,3
6,10,3,2,0.00078,5,3
6,10,3,3,0.260212,5,3
6,10,4,2,0.001818,5,3
6,10,4,3,0.758087,5,3
6,10,5,3,1,5,3
6,11,2,2,0.00056,5,1
6,11,2,3,0.006444,5,1
6,11,3,2,0.062971,5,1
6,11,3,3,0.065005,5,1
6,11,4,2,0.367906,5,1
6,11,4,3,0.668676,5,1
6,11,5,2,0.346271,5,1
6,11,5,3,1,5,1
6,12,2,2,0.00056,5,1
6,12,2,3,0.006444,5,1
6,12,3,2,0.062971,5,1
6,12,3,3,0.065005,5,1
6,12,4,2,0.367906,5,1
6,12,4,3,0.668676,5,1
6,12,5,2,0.346271,5,1
6,12,5,3,1,5,1
6,13,2,3,0.011066,5,3
6,13,3,2,0.000719,5,3
6,13,3,3,0.148312,5,3
6,13,4,2,0.002515,5,3
6,13,4,3,0.875803,5,3
6,13,5,3,1,5,3
6,14,2,3,0.011066,5,3
6,14,3,2,0.000719,5,3
6,14,3,3,0.148312,5,3
6,14,4,2,0.002515,5,3
6,14,4,3,0.875803,5,3
6,14,5,3,1,5,3
6,15,2,3,0.027018,5,3
6,15,3,2,0.000516,5,3
6,15,3,3,0.140937,5,3
6,15,4,2,0.003054,5,3
6,15,4,3,0.801368,5,3
6,15,5,2,0.002144,5,3
6,15,5,3,1,5,3
6,16,2,3,0.027018,5,3
6,16,3,2,0.000516,5,3
6,16,3,3,0.140937,5,3
6,16,4,2,0.003054,5,3
6,16,4,3,0.801368,5,3
6,16,5,2,0.002144,5,3
6,16,5,3,1,5,3
6,17,2,2,0.000149,5,3
6,17,2,3,0.022778,5,3
6,17,3,2,0.002234,5,3
6,17,3,3,0.263578,5,3
6,17,4,2,0.006891,5,3
6,17,4,3,0.964327,5,3
6,17,5,2,0.009981,5,3
6,17,5,3,1,5,3
6,18,2,2,0.000149,5,3
6,18,2,3,0.022778,5,3
6,18,3,2,0.002234,5,3
6,18,3,3,0.263578,5,3
6,18,4,2,0.006891,5,3
6,18,4,3,0.964327,5,3
6,18,5,2,0.009981,5,3
6,18,5,3,1,5,3
6,19,2,2,0.000702,5,3
6,19,2,3,0.015946,5,3
6,19,3,2,0.088025,5,3
6,19,3,3,0.112722,5,3
6,19,4,2,0.411567,5,3
6,19,4,3,0.727895,5,3
6,19,5,2,0.287771,5,3
6,19,5,3,1,5,3
6,20,2,2,0.000702,5,3
6,20,2,3,0.015946,5,3
6,20,3,2,0.088025,5,3
6,20,3,3,0.112722,5,3
6,20,4,2,0.411567,5,3
6,20,4,3,0.727895,5,3
6,20,5,2,0.287771,5,3
6,20,5,3,1,5,3
6,21,2,3,0.038149,5,3
6,21,3,3,0.3669,5,3
6,21,4,3,0.958527,5,3
6,21,5,3,1,5,3
6,22,2,3,0.038149,5,3
6,22,3,3,0.3669,5,3
6,22,4,3,0.958527,5,3
6,22,5,3,1,5,3
6,23,2,3,0.082304,5,9
6,23,3,3,0.120284,5,9
6,23,4,3,0.818221,5,9
6,23,5,3,1,5,9
6,24,2,3,0.082304,5,9
6,24,3,3,0.120284,5,9
6,24,4,3,0.818221,5,9
6,24,5,3,1,5,9
6,25,2,3,0.093747,5,3
6,25,3,3,0.474686,5,3
6,25,4,3,0.976709,5,3
6,25,5,3,1,5,3
6,26,2,3,0.093747,5,3
6,26,3,3,0.474686,5,3
6,26,4,3,0.976709,5,3
6,26,5,3,1,5,3
6,27,2,3,0.073127,5,3
6,27,3,3,0.115237,5,3
6,27,4,3,0.839804,5,3
6,27,5,3,1,5,3
6,28,2,3,0.073127,5,3
6,28,3,3,0.115237,5,3
6,28,4,3,0.839804,5,3
6,28,5,3,1,5,3
6,29,2,2,0.002678,5,1
6,29,2,3,0.046153,5,1
6,29,3,2,0.03858,5,1
6,29,3,3,0.164572,5,1
6,29,4,2,0.158397,5,1
6,29,4,3,0.618764,5,1
6,29,5,2,0.200737,5,1
6,29,5,3,1,5,1
6,30,2,2,0.002678,5,1
6,30,2,3,0.046153,5,1
6,30,3,2,0.03858,5,1
6,30,3,3,0.164572,5,1
6,30,4,2,0.158397,5,1
6,30,4,3,0.618764,5,1
6,30,5,2,0.200737,5,1
6,30,5,3,1,5,1
6,31,2,3,0.066418,5,3
6,31,3,3,0.460079,5,3
6,31,4,3,0.956584,5,3
6,31,5,3,1,5,3
6,32,2,3,0.066418,5,3
6,32,3,3,0.460079,5,3
6,32,4,3,0.956584,5,3
6,32,5,3,1,5,3
6,33,2,3,0.311432,5,3
6,33,3,3,0.265227,5,3
6,33,4,3,0.918948,5,3
6,33,5,3,1,5,3
6,34,2,3,0.311432,5,3
6,34,3,3,0.265227,5,3
6,34,4,3,0.918948,5,3
6,34,5,3,1,5,3
6,35,2,3,0.02401,3,3
6,35,3,3,0.270221,3,3
6,35,4,3,0.965025,3,3
6,35,5,3,1,3,3
6,36,2,3,0.02401,3,3
6,36,3,3,0.270221,3,3
6,36,4,3,0.965025,3,3
6,36,5,3,1,3,3
6,37,2,3,0.041289,2,9
6,37,3,3,0.73113,2,9
6,37,4,3,0.964206,2,9
6,37,5,3,1,2,9
6,38,2,3,0.041289,2,9
6,38,3,3,0.73113,2,9
6,38,4,3,0.964206,2,9
6,38,5,3,1,2,9
6,39,2,3,0.046428,4,9
6,39,3,3,0.266854,4,9
6,39,4,3,0.841733,4,9
6,39,5,3,1,4,9
6,40,2,3,0.046428,4,9
6,40,3,3,0.266854,4,9
6,40,4,3,0.841733,4,9
6,40,5,3,1,4,9
6,41,2,3,0.009893,3,9
6,41,3,3,0.03819,3,9
6,41,4,3,0.399422,3,9
6,41,5,3,1,3,9
6,42,2,3,0.009893,3,9
6,42,3,3,0.03819,3,9
6,42,4,3,0.399422,3,9
6,42,5,3,1,3,9
6,43,2,3,0.09491,3,9
6,43,3,3,0.809611,3,9
6,43,4,3,0.973902,3,9
6,43,5,3,1,3,9
6,44,2,3,0.09491,3,9
6,44,3,3,0.809611,3,9
6,44,4,3,0.973902,3,9
6,44,5,3,1,3,9
6,45,2,3,0.005698,3,2
6,45,3,2,0.008488,3,2
6,45,3,3,0.080121,3,2
6,45,4,2,0.113682,3,2
6,45,4,3,0.463957,3,2
6,45,5,2,0.283371,3,2
6,45,5,3,1,3,2
6,46,2,3,0.005698,3,2
6,46,3,2,0.008488,3,2
6,46,3,3,0.080121,3,2
6,46,4,2,0.113682,3,2
6,46,4,3,0.463957,3,2
6,46,5,2,0.283371,3,2
6,46,5,3,1,3,2
6,47,2,3,0.066331,3,9
6,47,3,3,0.296632,3,9
6,47,4,3,0.776474,3,9
6,47,5,3,1,3,9
6,48,2,3,0.066331,3,9
6,48,3,3,0.296632,3,9
6,48,4,3,0.776474,3,9
6,48,5,3,1,3,9
6,49,2,1,0.173549,3,1
6,49,2,4,0.614397,3,1
6,49,3,1,0.614397,3,1
6,49,3,4,0.926108,3,1
6,49,4,1,0.926108,3,1
6,49,4,4,1,3,1
6,49,5,1,1,3,1
6,49,5,3,1,3,1
6,50,2,1,0.173549,3,1
6,50,2,4,0.614397,3,1
6,50,3,1,0.614397,3,1
6,50,3,4,0.926108,3,1
6,50,4,1,0.926108,3,1
6,50,4,4,1,3,1
6,50,5,1,1,3,1
6,50,5,3,1,3,1
6,51,2,1,0.04503,3,1
6,51,2,4,0.629329,3,1
6,51,3,1,0.629329,3,1
6,51,3,4,0.957319,3,1
6,51,4,1,0.957319,3,1
6,51,4,4,1,3,1
6,51,5,1,1,3,1
6,51,5,3,1,3,1
6,52,2,1,0.04503,3,1
6,52,2,4,0.629329,3,1
6,52,3,1,0.629329,3,1
6,52,3,4,0.957319,3,1
6,52,4,1,0.957319,3,1
6,52,4,4,1,3,1
6,52,5,1,1,3,1
6,52,5,3,1,3,1
6,53,2,3,0.0835,3,3
6,53,3,3,0.378432,3,3
6,53,4,3,0.886389,3,3
6,53,5,3,1,3,3
6,54,2,3,0.0835,3,3
6,54,3,3,0.378432,3,3
6,54,4,3,0.886389,3,3
6,54,5,3,1,3,3
6,55,2,3,0.020453,2,3
6,55,3,3,0.251801,2,3
6,55,4,3,0.659311,2,3
6,55,5,3,1,2,3
6,56,2,3,0.020453,2,3
6,56,3,3,0.251801,2,3
6,56,4,3,0.659311,2,3
6,56,5,3,1,2,3
6,57,2,3,0.028192,6,3
6,57,3,3,0.226069,6,3
6,57,4,3,0.776555,6,3
6,57,5,3,1,6,3
6,58,2,3,0.028192,6,3
6,58,3,3,0.226069,6,3
6,58,4,3,0.776555,6,3
6,58,5,3,1,6,3
6,59,2,3,0.099967,5,3
6,59,3,3,0.355773,5,3
6,59,4,3,0.974244,5,3
6,59,5,3,1,5,3
6,60,2,3,0.099967,5,3
6,60,3,3,0.355773,5,3
6,60,4,3,0.974244,5,3
6,60,5,3,1,5,3
6,61,2,3,0.019136,5,2
6,61,3,3,0.204578,5,2
6,61,4,3,0.959619,5,2
6,61,5,3,1,5,2
6,62,2,3,0.019136,5,2
6,62,3,3,0.204578,5,2
6,62,4,3,0.959619,5,2
6,62,5,3,1,5,2
6,63,2,3,0.118252,5,9
6,63,3,3,0.41931,5,9
6,63,4,3,0.943174,5,9
6,63,5,3,1,5,9
6,64,2,3,0.118252,5,9
6,64,3,3,0.41931,5,9
6,64,4,3,0.943174,5,9
6,64,5,3,1,5,9
6,65,2,3,0.054994,3,1
6,65,3,2,0.036051,3,1
6,65,3,3,0.152364,3,1
6,65,4,2,0.107543,3,1
6,65,4,3,0.520662,3,1
6,65,5,2,0.263845,3,1
6,65,5,3,1,3,1
6,66,2,3,0.054994,3,1
6,66,3,2,0.036051,3,1
6,66,3,3,0.152364,3,1
6,66,4,2,0.107543,3,1
6,66,4,3,0.520662,3,1
6,66,5,2,0.263845,3,1
6,66,5,3,1,3,1
6,67,2,3,0.044323,3,9
6,67,3,3,0.383134,3,9
6,67,4,3,0.854452,3,9
6,67,5,3,1,3,9
6,68,2,3,0.044323,3,9
6,68,3,3,0.383134,3,9
6,68,4,3,0.854452,3,9
6,68,5,3,1,3,9
6,69,2,3,0.117472,1,3
6,69,3,3,0.712508,1,3
6,69,4,3,0.993824,1,3
6,69,5,3,1,1,3
6,70,2,3,0.117472,1,3
6,70,3,3,0.712508,1,3
6,70,4,3,0.993824,1,3
6,70,5,3,1,1,3
6,71,3,3,0.121575,2,3
6,71,4,3,0.471792,2,3
6,71,5,3,1,2,3
6,72,3,3,0.121575,2,3
6,72,4,3,0.471792,2,3
6,72,5,3,1,2,3
6,73,2,3,0.004475,2,9
6,73,3,3,0.118053,2,9
6,73,4,3,0.491246,2,9
6,73,5,3,1,2,9
6,74,2,3,0.004475,2,9
6,74,3,3,0.118053,2,9
6,74,4,3,0.491246,2,9
6,74,5,3,1,2,9
6,75,2,3,0.02501,3,9
6,75,3,3,0.165659,3,9
6,75,4,3,0.615178,3,9
6,75,5,3,1,3,9
6,76,2,3,0.02501,3,9
6,76,3,3,0.165659,3,9
6,76,4,3,0.615178,3,9
6,76,5,3,1,3,9
6,77,2,3,0.038963,2,3
6,77,3,3,0.187948,2,3
6,77,4,3,0.628627,2,3
6,77,5,3,1,2,3
6,78,2,3,0.038963,2,3
6,78,3,3,0.187948,2,3
6,78,4,3,0.628627,2,3
6,78,5,3,1,2,3
7,1,2,3,0.019055,5,3
7,1,3,3,0.531159,5,3
7,1,4,3,0.990587,5,3
7,1,5,3,1,5,3
7,2,2,3,0.019055,5,3
7,2,3,3,0.531159,5,3
7,2,4,3,0.990587,5,3
7,2,5,3,1,5,3
7,3,2,3,0.013121,5,1
7,3,3,2,0.0074,5,1
7,3,3,3,0.371667,5,1
7,3,4,2,0.028902,5,1
7,3,4,3,0.942443,5,1
7,3,5,2,0.14939,5,1
7,3,5,3,1,5,1
7,4,2,3,0.013121,5,1
7,4,3,2,0.0074,5,1
7,4,3,3,0.371667,5,1
7,4,4,2,0.028902,5,1
7,4,4,3,0.942443,5,1
7,4,5,2,0.14939,5,1
7,4,5,3,1,5,1
7,5,2,3,0.013121,5,1
7,5,3,2,0.0074,5,1
7,5,3,3,0.371667,5,1
7,5,4,2,0.028902,5,1
7,5,4,3,0.942443,5,1
7,5,5,2,0.14939,5,1
7,5,5,3,1,5,1
7,6,2,3,0.013121,5,1
7,6,3,2,0.0074,5,1
7,6,3,3,0.371667,5,1
7,6,4,2,0.028902,5,1
7,6,4,3,0.942443,5,1
7,6,5,2,0.14939,5,1
7,6,5,3,1,5,1
7,7,2,3,0.039799,5,3
7,7,3,2,0.000783,5,3
7,7,3,3,0.260506,5,3
7,7,4,2,0.001819,5,3
7,7,4,3,0.758439,5,3
7,7,5,3,1,5,3
7,8,2,3,0.039799,5,3
7,8,3,2,0.000783,5,3
7,8,3,3,0.260506,5,3
7,8,4,2,0.001819,5,3
7,8,4,3,0.758439,5,3
7,8,5,3,1,5,3
7,9,2,3,0.039407,5,3
7,9,3,2,0.00078,5,3
7,9,3,3,0.260212,5,3
7,9,4,2,0.001818,5,3
7,9,4,3,0.758087,5,3
7,9,5,3,1,5,3
7,10,2,3,0.039407,5,3
7,10,3,2,0.00078,5,3
7,10,3,3,0.260212,5,3
7,10,4,2,0.001818,5,3
7,10,4,3,0.758087,5,3
7,10,5,3,1,5,3
7,11,2,2,0.00056,5,1
7,11,2,3,0.006444,5,1
7,11,3,2,0.062971,5,1
7,11,3,3,0.065005,5,1
7,11,4,2,0.367906,5,1
7,11,4,3,0.668676,5,1
7,11,5,2,0.346271,5,1
7,11,5,3,1,5,1
7,12,2,2,0.00056,5,1
7,12,2,3,0.006444,5,1
7,12,3,2,0.062971,5,1
7,12,3,3,0.065005,5,1
7,12,4,2,0.367906,5,1
7,12,4,3,0.668676,5,1
7,12,5,2,0.346271,5,1
7,12,5,3,1,5,1
7,13,2,3,0.011066,5,3
7,13,3,2,0.000719,5,3
7,13,3,3,0.148312,5,3
7,13,4,2,0.002515,5,3
7,13,4,3,0.875803,5,3
7,13,5,3,1,5,3
7,14,2,3,0.011066,5,3
7,14,3,2,0.000719,5,3
7,14,3,3,0.148312,5,3
7,14,4,2,0.002515,5,3
7,14,4,3,0.875803,5,3
7,14,5,3,1,5,3
7,15,2,3,0.027018,5,3
7,15,3,2,0.000516,5,3
7,15,3,3,0.140937,5,3
7,15,4,2,0.003054,5,3
7,15,4,3,0.801368,5,3
7,15,5,2,0.002144,5,3
7,15,5,3,1,5,3
7,16,2,3,0.027018,5,3
7,16,3,2,0.000516,5,3
7,16,3,3,0.140937,5,3
7,16,4,2,0.003054,5,3
7,16,4,3,0.801368,5,3
7,16,5,2,0.002144,5,3
7,16,5,3,1,5,3
7,17,2,2,0.000149,5,3
7,17,2,3,0.022778,5,3
7,17,3,2,0.002234,5,3
7,17,3,3,0.263578,5,3
7,17,4,2,0.006891,5,3
7,17,4,3,0.964327,5,3
7,17,5,2,0.009981,5,3
7,17,5,3,1,5,3
7,18,2,2,0.000149,5,3
7,18,2,3,0.022778,5,3
7,18,3,2,0.002234,5,3
7,18,3,3,0.263578,5,3
7,18,4,2,0.006891,5,3
7,18,4,3,0.964327,5,3
7,18,5,2,0.009981,5,3
7,18,5,3,1,5,3
7,19,2,2,0.000702,5,3
7,19,2,3,0.015946,5,3
7,19,3,2,0.088025,5,3
7,19,3,3,0.112722,5,3
7,19,4,2,0.411567,5,3
7,19,4,3,0.727895,5,3
7,19,5,2,0.287771,5,3
7,19,5,3,1,5,3
7,20,2,2,0.000702,5,3
7,20,2,3,0.015946,5,3
7,20,3,2,0.088025,5,3
7,20,3,3,0.112722,5,3
7,20,4,2,0.411567,5,3
7,20,4,3,0.727895,5,3
7,20,5,2,0.287771,5,3
7,20,5,3,1,5,3
7,21,2,3,0.038149,5,3
7,21,3,3,0.3669,5,3
7,21,4,3,0.958527,5,3
7,21,5,3,1,5,3
7,22,2,3,0.038149,5,3
7,22,3,3,0.3669,5,3
7,22,4,3,0.958527,5,3
7,22,5,3,1,5,3
7,23,2,3,0.082304,5,9
7,23,3,3,0.120284,5,9
7,23,4,3,0.818221,5,9
7,23,5,3,1,5,9
7,24,2,3,0.082304,5,9
7,24,3,3,0.120284,5,9
7,24,4,3,0.818221,5,9
7,24,5,3,1,5,9
7,25,2,3,0.093747,5,3
7,25,3,3,0.474686,5,3
7,25,4,3,0.976709,5,3
7,25,5,3,1,5,3
7,26,2,3,0.093747,5,3
7,26,3,3,0.474686,5,3
7,26,4,3,0.976709,5,3
7,26,5,3,1,5,3
7,27,2,3,0.073127,5,3
7,27,3,3,0.115237,5,3
7,27,4,3,0.839804,5,3
7,27,5,3,1,5,3
7,28,2,3,0.073127,5,3
7,28,3,3,0.115237,5,3
7,28,4,3,0.839804,5,3
7,28,5,3,1,5,3
7,29,2,2,0.002679,5,1
7,29,2,3,0.046173,5,1
7,29,3,2,0.038602,5,1
7,29,3,3,0.164673,5,1
7,29,4,2,0.158577,5,1
7,29,4,3,0.619621,5,1
7,29,5,2,0.200737,5,1
7,29,5,3,1,5,1
7,30,2,2,0.002679,5,1
7,30,2,3,0.046173,5,1
7,30,3,2,0.038602,5,1
7,30,3,3,0.164673,5,1
7,30,4,2,0.158577,5,1
7,30,4,3,0.619621,5,1
7,30,5,2,0.200737,5,1
7,30,5,3,1,5,1
7,31,2,3,0.066418,5,3
7,31,3,3,0.460079,5,3
7,31,4,3,0.956584,5,3
7,31,5,3,1,5,3
7,32,2,3,0.066418,5,3
7,32,3,3,0.460079,5,3
7,32,4,3,0.956584,5,3
7,32,5,3,1,5,3
7,33,2,3,0.311432,5,3
7,33,3,3,0.265227,5,3
7,33,4,3,0.918948,5,3
7,33,5,3,1,5,3
7,34,2,3,0.311432,5,3
7,34,3,3,0.265227,5,3
7,34,4,3,0.918948,5,3
7,34,5,3,1,5,3
7,35,2,3,0.02401,3,3
7,35,3,3,0.270221,3,3
7,35,4,3,0.965025,3,3
7,35,5,3,1,3,3
7,36,2,3,0.02401,3,3
7,36,3,3,0.270221,3,3
7,36,4,3,0.965025,3,3
7,36,5,3,1,3,3
7,37,2,3,0.041289,2,9
7,37,3,3,0.73113,2,9
7,37,4,3,0.964206,2,9
7,37,5,3,1,2,9
7,38,2,3,0.041289,2,9
7,38,3,3,0.73113,2,9
7,38,4,3,0.964206,2,9
7,38,5,3,1,2,9
7,39,2,3,0.046428,4,9
7,39,3,3,0.266854,4,9
7,39,4,3,0.841733,4,9
7,39,5,3,1,4,9
7,40,2,3,0.046428,4,9
7,40,3,3,0.266854,4,9
7,40,4,3,0.841733,4,9
7,40,5,3,1,4,9
7,41,2,3,0.009893,3,9
7,41,3,3,0.03819,3,9
7,41,4,3,0.399422,3,9
7,41,5,3,1,3,9
7,42,2,3,0.009893,3,9
7,42,3,3,0.03819,3,9
7,42,4,3,0.399422,3,9
7,42,5,3,1,3,9
7,43,2,3,0.09491,3,9
7,43,3,3,0.809611,3,9
7,43,4,3,0.973902,3,9
7,43,5,3,1,3,9
7,44,2,3,0.09491,3,9
7,44,3,3,0.809611,3,9
7,44,4,3,0.973902,3,9
7,44,5,3,1,3,9
7,45,2,3,0.005698,3,2
7,45,3,2,0.008488,3,2
7,45,3,3,0.080121,3,2
7,45,4,2,0.113682,3,2
7,45,4,3,0.463957,3,2
7,45,5,2,0.283371,3,2
7,45,5,3,1,3,2
7,46,2,3,0.005698,3,2
7,46,3,2,0.008488,3,2
7,46,3,3,0.080121,3,2
7,46,4,2,0.113682,3,2
7,46,4,3,0.463957,3,2
7,46,5,2,0.283371,3,2
7,46,5,3,1,3,2
7,47,2,3,0.066331,3,9
7,47,3,3,0.296632,3,9
7,47,4,3,0.776474,3,9
7,47,5,3,1,3,9
7,48,2,3,0.066331,3,9
7,48,3,3,0.296632,3,9
7,48,4,3,0.776474,3,9
7,48,5,3,1,3,9
7,49,2,1,0.173549,3,1
7,49,2,4,0.614397,3,1
7,49,3,1,0.614397,3,1
7,49,3,4,0.926108,3,1
7,49,4,1,0.926108,3,1
7,49,4,4,1,3,1
7,49,5,1,1,3,1
7,49,5,3,1,3,1
7,50,2,1,0.173549,3,1
7,50,2,4,0.614397,3,1
7,50,3,1,0.614397,3,1
7,50,3,4,0.926108,3,1
7,50,4,1,0.926108,3,1
7,50,4,4,1,3,1
7,50,5,1,1,3,1
7,50,5,3,1,3,1
7,51,2,1,0.04503,3,1
7,51,2,4,0.629329,3,1
7,51,3,1,0.629329,3,1
7,51,3,4,0.957319,3,1
7,51,4,1,0.957319,3,1
7,51,4,4,1,3,1
7,51,5,1,1,3,1
7,51,5,3,1,3,1
7,52,2,1,0.04503,3,1
7,52,2,4,0.629329,3,1
7,52,3,1,0.629329,3,1
7,52,3,4,0.957319,3,1
7,52,4,1,0.957319,3,1
7,52,4,4,1,3,1
7,52,5,1,1,3,1
7,52,5,3,1,3,1
7,53,2,3,0.0835,3,3
7,53,3,3,0.378432,3,3
7,53,4,3,0.886389,3,3
7,53,5,3,1,3,3
7,54,2,3,0.0835,3,3
7,54,3,3,0.378432,3,3
7,54,4,3,0.886389,3,3
7,54,5,3,1,3,3
7,55,2,3,0.020453,2,3
7,55,3,3,0.251801,2,3
7,55,4,3,0.659311,2,3
7,55,5,3,1,2,3
7,56,2,3,0.020453,2,3
7,56,3,3,0.251801,2,3
7,56,4,3,0.659311,2,3
7,56,5,3,1,2,3
7,57,2,3,0.028192,6,3
7,57,3,3,0.226069,6,3
7,57,4,3,0.776555,6,3
7,57,5,3,1,6,3
7,58,2,3,0.028192,6,3
7,58,3,3,0.226069,6,3
7,58,4,3,0.776555,6,3
7,58,5,3,1,6,3
7,59,2,3,0.099967,5,3
7,59,3,3,0.355773,5,3
7,59,4,3,0.974244,5,3
7,59,5,3,1,5,3
7,60,2,3,0.099967,5,3
7,60,3,3,0.355773,5,3
7,60,4,3,0.974244,5,3
7,60,5,3,1,5,3
7,61,2,3,0.019136,5,2
7,61,3,3,0.204578,5,2
7,61,4,3,0.959619,5,2
7,61,5,3,1,5,2
7,62,2,3,0.019136,5,2
7,62,3,3,0.204578,5,2
7,62,4,3,0.959619,5,2
7,62,5,3,1,5,2
7,63,2,3,0.118252,5,9
7,63,3,3,0.41931,5,9
7,63,4,3,0.943174,5,9
7,63,5,3,1,5,9
7,64,2,3,0.118252,5,9
7,64,3,3,0.41931,5,9
7,64,4,3,0.943174,5,9
7,64,5,3,1,5,9
7,65,2,3,0.054992,3,1
7,65,3,2,0.036047,3,1
7,65,3,3,0.152348,3,1
7,65,4,2,0.107509,3,1
7,65,4,3,0.52043,3,1
7,65,5,2,0.263845,3,1
7,65,5,3,1,3,1
7,66,2,3,0.054992,3,1
7,66,3,2,0.036047,3,1
7,66,3,3,0.152348,3,1
7,66,4,2,0.107509,3,1
7,66,4,3,0.52043,3,1
7,66,5,2,0.263845,3,1
7,66,5,3,1,3,1
7,67,2,3,0.044323,3,9
7,67,3,3,0.383134,3,9
7,67,4,3,0.854452,3,9
7,67,5,3,1,3,9
7,68,2,3,0.044323,3,9
7,68,3,3,0.383134,3,9
7,68,4,3,0.854452,3,9
7,68,5,3,1,3,9
7,69,2,3,0.117472,1,3
7,69,3,3,0.712508,1,3
7,69,4,3,0.993824,1,3
7,69,5,3,1,1,3
7,70,2,3,0.117472,1,3
7,70,3,3,0.712508,1,3
7,70,4,3,0.993824,1,3
7,70,5,3,1,1,3
7,71,3,3,0.121575,2,3
7,71,4,3,0.471792,2,3
7,71,5,3,1,2,3
7,72,3,3,0.121575,2,3
7,72,4,3,0.471792,2,3
7,72,5,3,1,2,3
7,73,2,3,0.004475,2,9
7,73,3,3,0.118053,2,9
7,73,4,3,0.491246,2,9
7,73,5,3,1,2,9
7,74,2,3,0.004475,2,9
7,74,3,3,0.118053,2,9
7,74,4,3,0.491246,2,9
7,74,5,3,1,2,9
7,75,2,3,0.02501,3,9
7,75,3,3,0.165659,3,9
7,75,4,3,0.615178,3,9
7,75,5,3,1,3,9
7,76,2,3,0.02501,3,9
7,76,3,3,0.165659,3,9
7,76,4,3,0.615178,3,9
7,76,5,3,1,3,9
7,77,2,3,0.038963,2,3
7,77,3,3,0.187948,2,3
7,77,4,3,0.628627,2,3
7,77,5,3,1,2,3
7,78,2,3,0.038963,2,3
7,78,3,3,0.187948,2,3
7,78,4,3,0.628627,2,3
7,78,5,3,1,2,3
8,1,2,3,0.019055,5,3
8,1,3,3,0.531164,5,3
8,1,4,3,0.990587,5,3
8,1,5,3,1,5,3
8,2,2,3,0.019055,5,3
8,2,3,3,0.531164,5,3
8,2,4,3,0.990587,5,3
8,2,5,3,1,5,3
8,3,2,3,0.013122,5,1
8,3,3,2,0.0074,5,1
8,3,3,3,0.37167,5,1
8,3,4,2,0.028902,5,1
8,3,4,3,0.942443,5,1
8,3,5,2,0.14939,5,1
8,3,5,3,1,5,1
8,4,2,3,0.013122,5,1
8,4,3,2,0.0074,5,1
8,4,3,3,0.37167,5,1
8,4,4,2,0.028902,5,1
8,4,4,3,0.942443,5,1
8,4,5,2,0.14939,5,1
8,4,5,3,1,5,1
8,5,2,3,0.013122,5,1
8,5,3,2,0.0074,5,1
8,5,3,3,0.37167,5,1
8,5,4,2,0.028902,5,1
8,5,4,3,0.942443,5,1
8,5,5,2,0.14939,5,1
8,5,5,3,1,5,1
8,6,2,3,0.013122,5,1
8,6,3,2,0.0074,5,1
8,6,3,3,0.37167,5,1
8,6,4,2,0.028902,5,1
8,6,4,3,0.942443,5,1
8,6,5,2,0.14939,5,1
8,6,5,3,1,5,1
8,7,2,3,0.0398,5,3
8,7,3,2,0.000783,5,3
8,7,3,3,0.260508,5,3
8,7,4,2,0.001819,5,3
8,7,4,3,0.75844,5,3
8,7,5,3,1,5,3
8,8,2,3,0.0398,5,3
8,8,3,2,0.000783,5,3
8,8,3,3,0.260508,5,3
8,8,4,2,0.001819,5,3
8,8,4,3,0.75844,5,3
8,8,5,3,1,5,3
8,9,2,3,0.039407,5,3
8,9,3,2,0.00078,5,3
8,9,3,3,0.260212,5,3
8,9,4,2,0.001818,5,3
8,9,4,3,0.758082,5,3
8,9,5,3,1,5,3
8,10,2,3,0.039407,5,3
8,10,3,2,0.00078,5,3
8,10,3,3,0.260212,5,3
8,10,4,2,0.001818,5,3
8,10,4,3,0.758082,5,3
8,10,5,3,1,5,3
8,11,2,2,0.00056,5,1
8,11,2,3,0.006445,5,1
8,11,3,2,0.062972,5,1
8,11,3,3,0.065005,5,1
8,11,4,2,0.367908,5,1
8,11,4,3,0.668678,5,1
8,11,5,2,0.346271,5,1
8,11,5,3,1,5,1
8,12,2,2,0.00056,5,1
8,12,2,3,0.006445,5,1
8,12,3,2,0.062972,5,1
8,12,3,3,0.065005,5,1
8,12,4,2,0.367908,5,1
8,12,4,3,0.668678,5,1
8,12,5,2,0.346271,5,1
8,12,5,3,1,5,1
8,13,2,3,0.011066,5,3
8,13,3,2,0.000719,5,3
8,13,3,3,0.148314,5,3
8,13,4,2,0.002515,5,3
8,13,4,3,0.875804,5,3
8,13,5,3,1,5,3
8,14,2,3,0.011066,5,3
8,14,3,2,0.000719,5,3
8,14,3,3,0.148314,5,3
8,14,4,2,0.002515,5,3
8,14,4,3,0.875804,5,3
8,14,5,3,1,5,3
8,15,2,3,0.027019,5,3
8,15,3,2,0.000516,5,3
8,15,3,3,0.140939,5,3
8,15,4,2,0.003054,5,3
8,15,4,3,0.80137,5,3
8,15,5,2,0.002144,5,3
8,15,5,3,1,5,3
8,16,2,3,0.027019,5,3
8,16,3,2,0.000516,5,3
8,16,3,3,0.140939,5,3
8,16,4,2,0.003054,5,3
8,16,4,3,0.80137,5,3
8,16,5,2,0.002144,5,3
8,16,5,3,1,5,3
8,17,2,2,0.000149,5,3
8,17,2,3,0.022779,5,3
8,17,3,2,0.002234,5,3
8,17,3,3,0.263579,5,3
8,17,4,2,0.006891,5,3
8,17,4,3,0.964327,5,3
8,17,5,2,0.009981,5,3
8,17,5,3,1,5,3
8,18,2,2,0.000149,5,3
8,18,2,3,0.022779,5,3
8,18,3,2,0.002234,5,3
8,18,3,3,0.263579,5,3
8,18,4,2,0.006891,5,3
8,18,4,3,0.964327,5,3
8,18,5,2,0.009981,5,3
8,18,5,3,1,5,3
8,19,2,2,0.000702,5,3
8,19,2,3,0.015946,5,3
8,19,3,2,0.088029,5,3
8,19,3,3,0.112725,5,3
8,19,4,2,0.411571,5,3
8,19,4,3,0.727898,5,3
8,19,5,2,0.287771,5,3
8,19,5,3,1,5,3
8,20,2,2,0.000702,5,3
8,20,2,3,0.015946,5,3
8,20,3,2,0.088029,5,3
8,20,3,3,0.112725,5,3
8,20,4,2,0.411571,5,3
8,20,4,3,0.727898,5,3
8,20,5,2,0.287771,5,3
8,20,5,3,1,5,3
8,21,2,3,0.036974,5,3
8,21,3,3,0.37426,5,3
8,21,4,3,0.959866,5,3
8,21,5,3,1,5,3
8,22,2,3,0.036974,5,3
8,22,3,3,0.37426,5,3
8,22,4,3,0.959866,5,3
8,22,5,3,1,5,3
8,23,2,3,0.083314,5,9
8,23,3,3,0.122147,5,9
8,23,4,3,0.813401,5,9
8,23,5,3,1,5,9
8,24,2,3,0.083314,5,9
8,24,3,3,0.122147,5,9
8,24,4,3,0.813401,5,9
8,24,5,3,1,5,9
8,25,2,3,0.093616,5,3
8,25,3,3,0.47169,5,3
8,25,4,3,0.9765,5,3
8,25,5,3,1,5,3
8,26,2,3,0.093616,5,3
8,26,3,3,0.47169,5,3
8,26,4,3,0.9765,5,3
8,26,5,3,1,5,3
8,27,2,3,0.074025,5,3
8,27,3,3,0.117101,5,3
8,27,4,3,0.835713,5,3
8,27,5,3,1,5,3
8,28,2,3,0.074025,5,3
8,28,3,3,0.117101,5,3
8,28,4,3,0.835713,5,3
8,28,5,3,1,5,3
8,29,2,2,0.003911,5,1
8,29,2,3,0.067678,5,1
8,29,3,2,0.056629,5,1
8,29,3,3,0.247823,5,1
8,29,4,2,0.198328,5,1
8,29,4,3,0.820667,5,1
8,29,5,2,0.200286,5,1
8,29,5,3,1,5,1
8,30,2,2,0.003911,5,1
8,30,2,3,0.067678,5,1
8,30,3,2,0.056629,5,1
8,30,3,3,0.247823,5,1
8,30,4,2,0.198328,5,1
8,30,4,3,0.820667,5,1
8,30,5,2,0.200286,5,1
8,30,5,3,1,5,1
8,31,2,3,0.067017,5,3
8,31,3,3,0.462984,5,3
8,31,4,3,0.955629,5,3
8,31,5,3,1,5,3
8,32,2,3,0.067017,5,3
8,32,3,3,0.462984,5,3
8,32,4,3,0.955629,5,3
8,32,5,3,1,5,3
8,33,2,3,0.311442,5,3
8,33,3,3,0.265241,5,3
8,33,4,3,0.918951,5,3
8,33,5,3,1,5,3
8,34,2,3,0.311442,5,3
8,34,3,3,0.265241,5,3
8,34,4,3,0.918951,5,3
8,34,5,3,1,5,3
8,35,2,3,0.02401,3,3
8,35,3,3,0.270222,3,3
8,35,4,3,0.965025,3,3
8,35,5,3,1,3,3
8,36,2,3,0.02401,3,3
8,36,3,3,0.270222,3,3
8,36,4,3,0.965025,3,3
8,36,5,3,1,3,3
8,37,2,3,0.04129,2,9
8,37,3,3,0.731132,2,9
8,37,4,3,0.964206,2,9
8,37,5,3,1,2,9
8,38,2,3,0.04129,2,9
8,38,3,3,0.731132,2,9
8,38,4,3,0.964206,2,9
8,38,5,3,1,2,9
8,39,2,3,0.046428,4,9
8,39,3,3,0.266856,4,9
8,39,4,3,0.841734,4,9
8,39,5,3,1,4,9
8,40,2,3,0.046428,4,9
8,40,3,3,0.266856,4,9
8,40,4,3,0.841734,4,9
8,40,5,3,1,4,9
8,41,2,3,0.009893,3,9
8,41,3,3,0.03819,3,9
8,41,4,3,0.399423,3,9
8,41,5,3,1,3,9
8,42,2,3,0.009893,3,9
8,42,3,3,0.03819,3,9
8,42,4,3,0.399423,3,9
8,42,5,3,1,3,9
8,43,2,3,0.09491,3,9
8,43,3,3,0.809612,3,9
8,43,4,3,0.973902,3,9
8,43,5,3,1,3,9
8,44,2,3,0.09491,3,9
8,44,3,3,0.809612,3,9
8,44,4,3,0.973902,3,9
8,44,5,3,1,3,9
8,45,2,3,0.005698,3,2
8,45,3,2,0.008488,3,2
8,45,3,3,0.080121,3,2
8,45,4,2,0.113681,3,2
8,45,4,3,0.463953,3,2
8,45,5,2,0.283363,3,2
8,45,5,3,1,3,2
8,46,2,3,0.005698,3,2
8,46,3,2,0.008488,3,2
8,46,3,3,0.080121,3,2
8,46,4,2,0.113681,3,2
8,46,4,3,0.463953,3,2
8,46,5,2,0.283363,3,2
8,46,5,3,1,3,2
8,47,2,3,0.066331,3,9
8,47,3,3,0.296633,3,9
8,47,4,3,0.776474,3,9
8,47,5,3,1,3,9
8,48,2,3,0.066331,3,9
8,48,3,3,0.296633,3,9
8,48,4,3,0.776474,3,9
8,48,5,3,1,3,9
8,49,2,1,0.17355,3,1
8,49,2,4,0.6144,3,1
8,49,3,1,0.6144,3,1
8,49,3,4,0.926109,3,1
8,49,4,1,0.926109,3,1
8,49,4,4,1,3,1
8,49,5,1,1,3,1
8,49,5,3,1,3,1
8,50,2,1,0.17355,3,1
8,50,2,4,0.6144,3,1
8,50,3,1,0.6144,3,1
8,50,3,4,0.926109,3,1
8,50,4,1,0.926109,3,1
8,50,4,4,1,3,1
8,50,5,1,1,3,1
8,50,5,3,1,3,1
8,51,2,1,0.04503,3,1
8,51,2,4,0.62933,3,1
8,51,3,1,0.62933,3,1
8,51,3,4,0.95732,3,1
8,51,4,1,0.95732,3,1
8,51,4,4,1,3,1
8,51,5,1,1,3,1
8,51,5,3,1,3,1
8,52,2,1,0.04503,3,1
8,52,2,4,0.62933,3,1
8,52,3,1,0.62933,3,1
8,52,3,4,0.95732,3,1
8,52,4,1,0.95732,3,1
8,52,4,4,1,3,1
8,52,5,1,1,3,1
8,52,5,3,1,3,1
8,53,2,3,0.083501,3,3
8,53,3,3,0.378435,3,3
8,53,4,3,0.88639,3,3
8,53,5,3,1,3,3
8,54,2,3,0.083501,3,3
8,54,3,3,0.378435,3,3
8,54,4,3,0.88639,3,3
8,54,5,3,1,3,3
8,55,2,3,0.020453,2,3
8,55,3,3,0.251802,2,3
8,55,4,3,0.659311,2,3
8,55,5,3,1,2,3
8,56,2,3,0.020453,2,3
8,56,3,3,0.251802,2,3
8,56,4,3,0.659311,2,3
8,56,5,3,1,2,3
8,57,2,3,0.028192,6,3
8,57,3,3,0.22607,6,3
8,57,4,3,0.776556,6,3
8,57,5,3,1,6,3
8,58,2,3,0.028192,6,3
8,58,3,3,0.22607,6,3
8,58,4,3,0.776556,6,3
8,58,5,3,1,6,3
8,59,2,3,0.099968,5,3
8,59,3,3,0.355776,5,3
8,59,4,3,0.974244,5,3
8,59,5,3,1,5,3
8,60,2,3,0.099968,5,3
8,60,3,3,0.355776,5,3
8,60,4,3,0.974244,5,3
8,60,5,3,1,5,3
8,61,2,3,0.019136,5,2
8,61,3,3,0.204579,5,2
8,61,4,3,0.959619,5,2
8,61,5,3,1,5,2
8,62,2,3,0.019136,5,2
8,62,3,3,0.204579,5,2
8,62,4,3,0.959619,5,2
8,62,5,3,1,5,2
8,63,2,3,0.118254,5,9
8,63,3,3,0.419312,5,9
8,63,4,3,0.943174,5,9
8,63,5,3,1,5,9
8,64,2,3,0.118254,5,9
8,64,3,3,0.419312,5,9
8,64,4,3,0.943174,5,9
8,64,5,3,1,5,9
8,65,2,3,0.057518,3,1
8,65,3,2,0.041207,3,1
8,65,3,3,0.177173,3,1
8,65,4,2,0.152024,3,1
8,65,4,3,0.845486,3,1
8,65,5,2,0.263659,3,1
8,65,5,3,1,3,1
8,66,2,3,0.057518,3,1
8,66,3,2,0.041207,3,1
8,66,3,3,0.177173,3,1
8,66,4,2,0.152024,3,1
8,66,4,3,0.845486,3,1
8,66,5,2,0.263659,3,1
8,66,5,3,1,3,1
8,67,2,3,0.044324,3,9
8,67,3,3,0.383136,3,9
8,67,4,3,0.854452,3,9
8,67,5,3,1,3,9
8,68,2,3,0.044324,3,9
8,68,3,3,0.383136,3,9
8,68,4,3,0.854452,3,9
8,68,5,3,1,3,9
8,69,2,3,0.117472,1,3
8,69,3,3,0.712509,1,3
8,69,4,3,0.993824,1,3
8,69,5,3,1,1,3
8,70,2,3,0.117472,1,3
8,70,3,3,0.712509,1,3
8,70,4,3,0.993824,1,3
8,70,5,3,1,1,3
8,71,3,3,0.121576,2,3
8,71,4,3,0.471793,2,3
8,71,5,3,1,2,3
8,72,3,3,0.121576,2,3
8,72,4,3,0.471793,2,3
8,72,5,3,1,2,3
8,73,2,3,0.004475,2,9
8,73,3,3,0.118053,2,9
8,73,4,3,0.491246,2,9
8,73,5,3,1,2,9
8,74,2,3,0.004475,2,9
8,74,3,3,0.118053,2,9
8,74,4,3,0.491246,2,9
8,74,5,3,1,2,9
8,75,2,3,0.02501,3,9
8,75,3,3,0.16566,3,9
8,75,4,3,0.615178,3,9
8,75,5,3,1,3,9
8,76,2,3,0.02501,3,9
8,76,3,3,0.16566,3,9
8,76,4,3,0.615178,3,9
8,76,5,3,1,3,9
8,77,2,3,0.038963,2,3
8,77,3,3,0.187949,2,3
8,77,4,3,0.628628,2,3
8,77,5,3,1,2,3
8,78,2,3,0.038963,2,3
8,78,3,3,0.187949,2,3
8,78,4,3,0.628628,2,3
8,78,5,3,1,2,3
9,1,2,3,0.019055,5,3
9,1,3,3,0.531164,5,3
9,1,4,3,0.990587,5,3
9,1,5,3,1,5,3
9,2,2,3,0.019055,5,3
9,2,3,3,0.531164,5,3
9,2,4,3,0.990587,5,3
9,2,5,3,1,5,3
9,3,2,3,0.013122,5,1
9,3,3,2,0.0074,5,1
9,3,3,3,0.37167,5,1
9,3,4,2,0.028902,5,1
9,3,4,3,0.942443,5,1
9,3,5,2,0.14939,5,1
9,3,5,3,1,5,1
9,4,2,3,0.013122,5,1
9,4,3,2,0.0074,5,1
9,4,3,3,0.37167,5,1
9,4,4,2,0.028902,5,1
9,4,4,3,0.942443,5,1
9,4,5,2,0.14939,5,1
9,4,5,3,1,5,1
9,5,2,3,0.013122,5,1
9,5,3,2,0.0074,5,1
9,5,3,3,0.37167,5,1
9,5,4,2,0.028902,5,1
9,5,4,3,0.942443,5,1
9,5,5,2,0.14939,5,1
9,5,5,3,1,5,1
9,6,2,3,0.013122,5,1
9,6,3,2,0.0074,5,1
9,6,3,3,0.37167,5,1
9,6,4,2,0.028902,5,1
9,6,4,3,0.942443,5,1
9,6,5,2,0.14939,5,1
9,6,5,3,1,5,1
9,7,2,3,0.0398,5,3
9,7,3,2,0.000783,5,3
9,7,3,3,0.260508,5,3
9,7,4,2,0.001819,5,3
9,7,4,3,0.75844,5,3
9,7,5,3,1,5,3
9,8,2,3,0.0398,5,3
9,8,3,2,0.000783,5,3
9,8,3,3,0.260508,5,3
9,8,4,2,0.001819,5,3
9,8,4,3,0.75844,5,3
9,8,5,3,1,5,3
9,9,2,3,0.039407,5,3
9,9,3,2,0.00078,5,3
9,9,3,3,0.260212,5,3
9,9,4,2,0.001818,5,3
9,9,4,3,0.758082,5,3
9,9,5,3,1,5,3
9,10,2,3,0.039407,5,3
9,10,3,2,0.00078,5,3
9,10,3,3,0.260212,5,3
9,10,4,2,0.001818,5,3
9,10,4,3,0.758082,5,3
9,10,5,3,1,5,3
9,11,2,2,0.00056,5,1
9,11,2,3,0.006445,5,1
9,11,3,2,0.062972,5,1
9,11,3,3,0.065005,5,1
9,11,4,2,0.367908,5,1
9,11,4,3,0.668678,5,1
9,11,5,2,0.346271,5,1
9,11,5,3,1,5,1
9,12,2,2,0.00056,5,1
9,12,2,3,0.006445,5,1
9,12,3,2,0.062972,5,1
9,12,3,3,0.065005,5,1
9,12,4,2,0.367908,5,1
9,12,4,3,0.668678,5,1
9,12,5,2,0.346271,5,1
9,12,5,3,1,5,1
9,13,2,3,0.011066,5,3
9,13,3,2,0.000719,5,3
9,13,3,3,0.148314,5,3
9,13,4,2,0.002515,5,3
9,13,4,3,0.875804,5,3
9,13,5,3,1,5,3
9,14,2,3,0.011066,5,3
9,14,3,2,0.000719,5,3
9,14,3,3,0.148314,5,3
9,14,4,2,0.002515,5,3
9,14,4,3,0.875804,5,3
9,14,5,3,1,5,3
9,15,2,3,0.027019,5,3
9,15,3,2,0.000516,5,3
9,15,3,3,0.140939,5,3
9,15,4,2,0.003054,5,3
9,15,4,3,0.80137,5,3
9,15,5,2,0.002144,5,3
9,15,5,3,1,5,3
9,16,2,3,0.027019,5,3
9,16,3,2,0.000516,5,3
9,16,3,3,0.140939,5,3
9,16,4,2,0.003054,5,3
9,16,4,3,0.80137,5,3
9,16,5,2,0.002144,5,3
9,16,5,3,1,5,3
9,17,2,2,0.000149,5,3
9,17,2,3,0.022779,5,3
9,17,3,2,0.002234,5,3
9,17,3,3,0.263579,5,3
9,17,4,2,0.006891,5,3
9,17,4,3,0.964327,5,3
9,17,5,2,0.009981,5,3
9,17,5,3,1,5,3
9,18,2,2,0.000149,5,3
9,18,2,3,0.022779,5,3
9,18,3,2,0.002234,5,3
9,18,3,3,0.263579,5,3
9,18,4,2,0.006891,5,3
9,18,4,3,0.964327,5,3
9,18,5,2,0.009981,5,3
9,18,5,3,1,5,3
9,19,2,2,0.000702,5,3
9,19,2,3,0.015946,5,3
9,19,3,2,0.088029,5,3
9,19,3,3,0.112725,5,3
9,19,4,2,0.411571,5,3
9,19,4,3,0.727898,5,3
9,19,5,2,0.287771,5,3
9,19,5,3,1,5,3
9,20,2,2,0.000702,5,3
9,20,2,3,0.015946,5,3
9,20,3,2,0.088029,5,3
9,20,3,3,0.112725,5,3
9,20,4,2,0.411571,5,3
9,20,4,3,0.727898,5,3
9,20,5,2,0.287771,5,3
9,20,5,3,1,5,3
9,21,2,3,0.036974,5,3
9,21,3,3,0.37426,5,3
9,21,4,3,0.959866,5,3
9,21,5,3,1,5,3
9,22,2,3,0.036974,5,3
9,22,3,3,0.37426,5,3
9,22,4,3,0.959866,5,3
9,22,5,3,1,5,3
9,23,2,3,0.083314,5,9
9,23,3,3,0.122147,5,9
9,23,4,3,0.813401,5,9
9,23,5,3,1,5,9
9,24,2,3,0.083314,5,9
9,24,3,3,0.122147,5,9
9,24,4,3,0.813401,5,9
9,24,5,3,1,5,9
9,25,2,3,0.093616,5,3
9,25,3,3,0.47169,5,3
9,25,4,3,0.9765,5,3
9,25,5,3,1,5,3
9,26,2,3,0.093616,5,3
9,26,3,3,0.47169,5,3
9,26,4,3,0.9765,5,3
9,26,5,3,1,5,3
9,27,2,3,0.074025,5,3
9,27,3,3,0.117101,5,3
9,27,4,3,0.835713,5,3
9,27,5,3,1,5,3
9,28,2,3,0.074025,5,3
9,28,3,3,0.117101,5,3
9,28,4,3,0.835713,5,3
9,28,5,3,1,5,3
9,29,2,2,0.003911,5,1
9,29,2,3,0.067686,5,1
9,29,3,2,0.056583,5,1
9,29,3,3,0.247592,5,1
9,29,4,2,0.198135,5,1
9,29,4,3,0.819627,5,1
9,29,5,2,0.200285,5,1
9,29,5,3,1,5,1
9,30,2,2,0.003911,5,1
9,30,2,3,0.067686,5,1
9,30,3,2,0.056583,5,1
9,30,3,3,0.247592,5,1
9,30,4,2,0.198135,5,1
9,30,4,3,0.819627,5,1
9,30,5,2,0.200285,5,1
9,30,5,3,1,5,1
9,31,2,3,0.067017,5,3
9,31,3,3,0.462984,5,3
9,31,4,3,0.955629,5,3
9,31,5,3,1,5,3
9,32,2,3,0.067017,5,3
9,32,3,3,0.462984,5,3
9,32,4,3,0.955629,5,3
9,32,5,3,1,5,3
9,33,2,3,0.311442,5,3
9,33,3,3,0.265241,5,3
9,33,4,3,0.918951,5,3
9,33,5,3,1,5,3
9,34,2,3,0.311442,5,3
9,34,3,3,0.265241,5,3
9,34,4,3,0.918951,5,3
9,34,5,3,1,5,3
9,35,2,3,0.02401,3,3
9,35,3,3,0.270222,3,3
9,35,4,3,0.965025,3,3
9,35,5,3,1,3,3
9,36,2,3,0.02401,3,3
9,36,3,3,0.270222,3,3
9,36,4,3,0.965025,3,3
9,36,5,3,1,3,3
9,37,2,3,0.04129,2,9
9,37,3,3,0.731132,2,9
9,37,4,3,0.964206,2,9
9,37,5,3,1,2,9
9,38,2,3,0.04129,2,9
9,38,3,3,0.731132,2,9
9,38,4,3,0.964206,2,9
9,38,5,3,1,2,9
9,39,2,3,0.046428,4,9
9,39,3,3,0.266856,4,9
9,39,4,3,0.841734,4,9
9,39,5,3,1,4,9
9,40,2,3,0.046428,4,9
9,40,3,3,0.266856,4,9
9,40,4,3,0.841734,4,9
9,40,5,3,1,4,9
9,41,2,3,0.009893,3,9
9,41,3,3,0.03819,3,9
9,41,4,3,0.399423,3,9
9,41,5,3,1,3,9
9,42,2,3,0.009893,3,9
9,42,3,3,0.03819,3,9
9,42,4,3,0.399423,3,9
9,42,5,3,1,3,9
9,43,2,3,0.09491,3,9
9,43,3,3,0.809612,3,9
9,43,4,3,0.973902,3,9
9,43,5,3,1,3,9
9,44,2,3,0.09491,3,9
9,44,3,3,0.809612,3,9
9,44,4,3,0.973902,3,9
9,44,5,3,1,3,9
9,45,2,3,0.005698,3,2
9,45,3,2,0.008488,3,2
9,45,3,3,0.080121,3,2
9,45,4,2,0.113681,3,2
9,45,4,3,0.463953,3,2
9,45,5,2,0.283363,3,2
9,45,5,3,1,3,2
9,46,2,3,0.005698,3,2
9,46,3,2,0.008488,3,2
9,46,3,3,0.080121,3,2
9,46,4,2,0.113681,3,2
9,46,4,3,0.463953,3,2
9,46,5,2,0.283363,3,2
9,46,5,3,1,3,2
9,47,2,3,0.066331,3,9
9,47,3,3,0.296633,3,9
9,47,4,3,0.776474,3,9
9,47,5,3,1,3,9
9,48,2,3,0.066331,3,9
9,48,3,3,0.296633,3,9
9,48,4,3,0.776474,3,9
9,48,5,3,1,3,9
9,49,2,1,0.17355,3,1
9,49,2,4,0.6144,3,1
9,49,3,1,0.6144,3,1
9,49,3,4,0.926109,3,1
9,49,4,1,0.926109,3,1
9,49,4,4,1,3,1
9,49,5,1,1,3,1
9,49,5,3,1,3,1
9,50,2,1,0.17355,3,1
9,50,2,4,0.6144,3,1
9,50,3,1,0.6144,3,1
9,50,3,4,0.926109,3,1
9,50,4,1,0.926109,3,1
9,50,4,4,1,3,1
9,50,5,1,1,3,1
9,50,5,3,1,3,1
9,51,2,1,0.04503,3,1
9,51,2,4,0.62933,3,1
9,51,3,1,0.62933,3,1
9,51,3,4,0.95732,3,1
9,51,4,1,0.95732,3,1
9,51,4,4,1,3,1
9,51,5,1,1,3,1
9,51,5,3,1,3,1
9,52,2,1,0.04503,3,1
9,52,2,4,0.62933,3,1
9,52,3,1,0.62933,3,1
9,52,3,4,0.95732,3,1
9,52,4,1,0.95732,3,1
9,52,4,4,1,3,1
9,52,5,1,1,3,1
9,52,5,3,1,3,1
9,53,2,3,0.083501,3,3
9,53,3,3,0.378435,3,3
9,53,4,3,0.88639,3,3
9,53,5,3,1,3,3
9,54,2,3,0.083501,3,3
9,54,3,3,0.378435,3,3
9,54,4,3,0.88639,3,3
9,54,5,3,1,3,3
9,55,2,3,0.020453,2,3
9,55,3,3,0.251802,2,3
9,55,4,3,0.659311,2,3
9,55,5,3,1,2,3
9,56,2,3,0.020453,2,3
9,56,3,3,0.251802,2,3
9,56,4,3,0.659311,2,3
9,56,5,3,1,2,3
9,57,2,3,0.028192,6,3
9,57,3,3,0.22607,6,3
9,57,4,3,0.776556,6,3
9,57,5,3,1,6,3
9,58,2,3,0.028192,6,3
9,58,3,3,0.22607,6,3
9,58,4,3,0.776556,6,3
9,58,5,3,1,6,3
9,59,2,3,0.099968,5,3
9,59,3,3,0.355776,5,3
9,59,4,3,0.974244,5,3
9,59,5,3,1,5,3
9,60,2,3,0.099968,5,3
9,60,3,3,0.355776,5,3
9,60,4,3,0.974244,5,3
9,60,5,3,1,5,3
9,61,2,3,0.019136,5,2
9,61,3,3,0.204579,5,2
9,61,4,3,0.959619,5,2
9,61,5,3,1,5,2
9,62,2,3,0.019136,5,2
9,62,3,3,0.204579,5,2
9,62,4,3,0.959619,5,2
9,62,5,3,1,5,2
9,63,2,3,0.118254,5,9
9,63,3,3,0.419312,5,9
9,63,4,3,0.943174,5,9
9,63,5,3,1,5,9
9,64,2,3,0.118254,5,9
9,64,3,3,0.419312,5,9
9,64,4,3,0.943174,5,9
9,64,5,3,1,5,9
9,65,2,3,0.057593,3,1
9,65,3,2,0.041282,3,1
9,65,3,3,0.177499,3,1
9,65,4,2,0.151814,3,1
9,65,4,3,0.843806,3,1
9,65,5,2,0.263659,3,1
9,65,5,3,1,3,1
9,66,2,3,0.057593,3,1
9,66,3,2,0.041282,3,1
9,66,3,3,0.177499,3,1
9,66,4,2,0.151814,3,1
9,66,4,3,0.843806,3,1
9,66,5,2,0.263659,3,1
9,66,5,3,1,3,1
9,67,2,3,0.044324,3,9
9,67,3,3,0.383136,3,9
9,67,4,3,0.854452,3,9
9,67,5,3,1,3,9
9,68,2,3,0.044324,3,9
9,68,3,3,0.383136,3,9
9,68,4,3,0.854452,3,9
9,68,5,3,1,3,9
9,69,2,3,0.117472,1,3
9,69,3,3,0.712509,1,3
9,69,4,3,0.993824,1,3
9,69,5,3,1,1,3
9,70,2,3,0.117472,1,3
9,70,3,3,0.712509,1,3
9,70,4,3,0.993824,1,3
9,70,5,3,1,1,3
9,71,3,3,0.121576,2,3
9,71,4,3,0.471793,2,3
9,71,5,3,1,2,3
9,72,3,3,0.121576,2,3
9,72,4,3,0.471793,2,3
9,72,5,3,1,2,3
9,73,2,3,0.004475,2,9
9,73,3,3,0.118053,2,9
9,73,4,3,0.491246,2,9
9,73,5,3,1,2,9
9,74,2,3,0.004475,2,9
9,74,3,3,0.118053,2,9
9,74,4,3,0.491246,2,9
9,74,5,3,1,2,9
9,75,2,3,0.02501,3,9
9,75,3,3,0.16566,3,9
9,75,4,3,0.615178,3,9
9,75,5,3,1,3,9
9,76,2,3,0.02501,3,9
9,76,3,3,0.16566,3,9
9,76,4,3,0.615178,3,9
9,76,5,3,1,3,9
9,77,2,3,0.038963,2,3
9,77,3,3,0.187949,2,3
9,77,4,3,0.628628,2,3
9,77,5,3,1,2,3
9,78,2,3,0.038963,2,3
9,78,3,3,0.187949,2,3
9,78,4,3,0.628628,2,3
9,78,5,3,1,2,3
