predator,area,sex,chinookAge,time,prop
1,5,1,0,1,0
1,5,1,1,1,0.017241379
1,5,1,2,1,0.176724138
1,5,1,3,1,0.551724138
1,5,1,4,1,0.254310345
1,5,2,0,1,0
1,5,2,1,1,0.017241379
1,5,2,2,1,0.176724138
1,5,2,3,1,0.551724138
1,5,2,4,1,0.254310345
1,5,1,0,2,0
1,5,1,1,2,0.017241379
1,5,1,2,2,0.176724138
1,5,1,3,2,0.551724138
1,5,1,4,2,0.254310345
1,5,2,0,2,0
1,5,2,1,2,0.017241379
1,5,2,2,2,0.176724138
1,5,2,3,2,0.551724138
1,5,2,4,2,0.254310345
1,5,1,0,3,0
1,5,1,1,3,0.017241379
1,5,1,2,3,0.176724138
1,5,1,3,3,0.551724138
1,5,1,4,3,0.254310345
1,5,2,0,3,0
1,5,2,1,3,0.017241379
1,5,2,2,3,0.176724138
1,5,2,3,3,0.551724138
1,5,2,4,3,0.254310345
1,5,1,0,4,0
1,5,1,1,4,0.017241379
1,5,1,2,4,0.176724138
1,5,1,3,4,0.551724138
1,5,1,4,4,0.254310345
1,5,2,0,4,0
1,5,2,1,4,0.017241379
1,5,2,2,4,0.176724138
1,5,2,3,4,0.551724138
1,5,2,4,4,0.254310345
1,5,1,0,5,0
1,5,1,1,5,0.017241379
1,5,1,2,5,0.176724138
1,5,1,3,5,0.551724138
1,5,1,4,5,0.254310345
1,5,2,0,5,0
1,5,2,1,5,0.017241379
1,5,2,2,5,0.176724138
1,5,2,3,5,0.551724138
1,5,2,4,5,0.254310345
1,5,1,0,6,0
1,5,1,1,6,0.017241379
1,5,1,2,6,0.176724138
1,5,1,3,6,0.551724138
1,5,1,4,6,0.254310345
1,5,2,0,6,0
1,5,2,1,6,0.017241379
1,5,2,2,6,0.176724138
1,5,2,3,6,0.551724138
1,5,2,4,6,0.254310345
1,5,1,0,7,0
1,5,1,1,7,0.017241379
1,5,1,2,7,0.176724138
1,5,1,3,7,0.551724138
1,5,1,4,7,0.254310345
1,5,2,0,7,0
1,5,2,1,7,0.017241379
1,5,2,2,7,0.176724138
1,5,2,3,7,0.551724138
1,5,2,4,7,0.254310345
1,5,1,0,8,0
1,5,1,1,8,0.017241379
1,5,1,2,8,0.176724138
1,5,1,3,8,0.551724138
1,5,1,4,8,0.254310345
1,5,2,0,8,0
1,5,2,1,8,0.017241379
1,5,2,2,8,0.176724138
1,5,2,3,8,0.551724138
1,5,2,4,8,0.254310345
1,5,1,0,9,0
1,5,1,1,9,0.017241379
1,5,1,2,9,0.176724138
1,5,1,3,9,0.551724138
1,5,1,4,9,0.254310345
1,5,2,0,9,0
1,5,2,1,9,0.017241379
1,5,2,2,9,0.176724138
1,5,2,3,9,0.551724138
1,5,2,4,9,0.254310345
1,5,1,0,10,0
1,5,1,1,10,0.017241379
1,5,1,2,10,0.176724138
1,5,1,3,10,0.551724138
1,5,1,4,10,0.254310345
1,5,2,0,10,0
1,5,2,1,10,0.017241379
1,5,2,2,10,0.176724138
1,5,2,3,10,0.551724138
1,5,2,4,10,0.254310345
1,5,1,0,11,0
1,5,1,1,11,0.017241379
1,5,1,2,11,0.176724138
1,5,1,3,11,0.551724138
1,5,1,4,11,0.254310345
1,5,2,0,11,0
1,5,2,1,11,0.017241379
1,5,2,2,11,0.176724138
1,5,2,3,11,0.551724138
1,5,2,4,11,0.254310345
1,5,1,0,12,0
1,5,1,1,12,0.017241379
1,5,1,2,12,0.176724138
1,5,1,3,12,0.551724138
1,5,1,4,12,0.254310345
1,5,2,0,12,0
1,5,2,1,12,0.017241379
1,5,2,2,12,0.176724138
1,5,2,3,12,0.551724138
1,5,2,4,12,0.254310345
1,6,1,0,1,0
1,6,1,1,1,0.017241379
1,6,1,2,1,0.176724138
1,6,1,3,1,0.551724138
1,6,1,4,1,0.254310345
1,6,2,0,1,0
1,6,2,1,1,0.017241379
1,6,2,2,1,0.176724138
1,6,2,3,1,0.551724138
1,6,2,4,1,0.254310345
1,6,1,0,2,0
1,6,1,1,2,0.017241379
1,6,1,2,2,0.176724138
1,6,1,3,2,0.551724138
1,6,1,4,2,0.254310345
1,6,2,0,2,0
1,6,2,1,2,0.017241379
1,6,2,2,2,0.176724138
1,6,2,3,2,0.551724138
1,6,2,4,2,0.254310345
1,6,1,0,3,0
1,6,1,1,3,0.017241379
1,6,1,2,3,0.176724138
1,6,1,3,3,0.551724138
1,6,1,4,3,0.254310345
1,6,2,0,3,0
1,6,2,1,3,0.017241379
1,6,2,2,3,0.176724138
1,6,2,3,3,0.551724138
1,6,2,4,3,0.254310345
1,6,1,0,4,0
1,6,1,1,4,0.017241379
1,6,1,2,4,0.176724138
1,6,1,3,4,0.551724138
1,6,1,4,4,0.254310345
1,6,2,0,4,0
1,6,2,1,4,0.017241379
1,6,2,2,4,0.176724138
1,6,2,3,4,0.551724138
1,6,2,4,4,0.254310345
1,6,1,0,5,0
1,6,1,1,5,0.017241379
1,6,1,2,5,0.176724138
1,6,1,3,5,0.551724138
1,6,1,4,5,0.254310345
1,6,2,0,5,0
1,6,2,1,5,0.017241379
1,6,2,2,5,0.176724138
1,6,2,3,5,0.551724138
1,6,2,4,5,0.254310345
1,6,1,0,6,0
1,6,1,1,6,0.017241379
1,6,1,2,6,0.176724138
1,6,1,3,6,0.551724138
1,6,1,4,6,0.254310345
1,6,2,0,6,0
1,6,2,1,6,0.017241379
1,6,2,2,6,0.176724138
1,6,2,3,6,0.551724138
1,6,2,4,6,0.254310345
1,6,1,0,7,0
1,6,1,1,7,0.017241379
1,6,1,2,7,0.176724138
1,6,1,3,7,0.551724138
1,6,1,4,7,0.254310345
1,6,2,0,7,0
1,6,2,1,7,0.017241379
1,6,2,2,7,0.176724138
1,6,2,3,7,0.551724138
1,6,2,4,7,0.254310345
1,6,1,0,8,0
1,6,1,1,8,0.017241379
1,6,1,2,8,0.176724138
1,6,1,3,8,0.551724138
1,6,1,4,8,0.254310345
1,6,2,0,8,0
1,6,2,1,8,0.017241379
1,6,2,2,8,0.176724138
1,6,2,3,8,0.551724138
1,6,2,4,8,0.254310345
1,6,1,0,9,0
1,6,1,1,9,0.017241379
1,6,1,2,9,0.176724138
1,6,1,3,9,0.551724138
1,6,1,4,9,0.254310345
1,6,2,0,9,0
1,6,2,1,9,0.017241379
1,6,2,2,9,0.176724138
1,6,2,3,9,0.551724138
1,6,2,4,9,0.254310345
1,6,1,0,10,0
1,6,1,1,10,0.017241379
1,6,1,2,10,0.176724138
1,6,1,3,10,0.551724138
1,6,1,4,10,0.254310345
1,6,2,0,10,0
1,6,2,1,10,0.017241379
1,6,2,2,10,0.176724138
1,6,2,3,10,0.551724138
1,6,2,4,10,0.254310345
1,6,1,0,11,0
1,6,1,1,11,0.017241379
1,6,1,2,11,0.176724138
1,6,1,3,11,0.551724138
1,6,1,4,11,0.254310345
1,6,2,0,11,0
1,6,2,1,11,0.017241379
1,6,2,2,11,0.176724138
1,6,2,3,11,0.551724138
1,6,2,4,11,0.254310345
1,6,1,0,12,0
1,6,1,1,12,0.017241379
1,6,1,2,12,0.176724138
1,6,1,3,12,0.551724138
1,6,1,4,12,0.254310345
1,6,2,0,12,0
1,6,2,1,12,0.017241379
1,6,2,2,12,0.176724138
1,6,2,3,12,0.551724138
1,6,2,4,12,0.254310345
1,7,1,0,1,0
1,7,1,1,1,0.017241379
1,7,1,2,1,0.176724138
1,7,1,3,1,0.551724138
1,7,1,4,1,0.254310345
1,7,2,0,1,0
1,7,2,1,1,0.017241379
1,7,2,2,1,0.176724138
1,7,2,3,1,0.551724138
1,7,2,4,1,0.254310345
1,7,1,0,2,0
1,7,1,1,2,0.017241379
1,7,1,2,2,0.176724138
1,7,1,3,2,0.551724138
1,7,1,4,2,0.254310345
1,7,2,0,2,0
1,7,2,1,2,0.017241379
1,7,2,2,2,0.176724138
1,7,2,3,2,0.551724138
1,7,2,4,2,0.254310345
1,7,1,0,3,0
1,7,1,1,3,0.017241379
1,7,1,2,3,0.176724138
1,7,1,3,3,0.551724138
1,7,1,4,3,0.254310345
1,7,2,0,3,0
1,7,2,1,3,0.017241379
1,7,2,2,3,0.176724138
1,7,2,3,3,0.551724138
1,7,2,4,3,0.254310345
1,7,1,0,4,0
1,7,1,1,4,0.017241379
1,7,1,2,4,0.176724138
1,7,1,3,4,0.551724138
1,7,1,4,4,0.254310345
1,7,2,0,4,0
1,7,2,1,4,0.017241379
1,7,2,2,4,0.176724138
1,7,2,3,4,0.551724138
1,7,2,4,4,0.254310345
1,7,1,0,5,0
1,7,1,1,5,0.017241379
1,7,1,2,5,0.176724138
1,7,1,3,5,0.551724138
1,7,1,4,5,0.254310345
1,7,2,0,5,0
1,7,2,1,5,0.017241379
1,7,2,2,5,0.176724138
1,7,2,3,5,0.551724138
1,7,2,4,5,0.254310345
1,7,1,0,6,0
1,7,1,1,6,0.017241379
1,7,1,2,6,0.176724138
1,7,1,3,6,0.551724138
1,7,1,4,6,0.254310345
1,7,2,0,6,0
1,7,2,1,6,0.017241379
1,7,2,2,6,0.176724138
1,7,2,3,6,0.551724138
1,7,2,4,6,0.254310345
1,7,1,0,7,0
1,7,1,1,7,0.017241379
1,7,1,2,7,0.176724138
1,7,1,3,7,0.551724138
1,7,1,4,7,0.254310345
1,7,2,0,7,0
1,7,2,1,7,0.017241379
1,7,2,2,7,0.176724138
1,7,2,3,7,0.551724138
1,7,2,4,7,0.254310345
1,7,1,0,8,0
1,7,1,1,8,0.017241379
1,7,1,2,8,0.176724138
1,7,1,3,8,0.551724138
1,7,1,4,8,0.254310345
1,7,2,0,8,0
1,7,2,1,8,0.017241379
1,7,2,2,8,0.176724138
1,7,2,3,8,0.551724138
1,7,2,4,8,0.254310345
1,7,1,0,9,0
1,7,1,1,9,0.017241379
1,7,1,2,9,0.176724138
1,7,1,3,9,0.551724138
1,7,1,4,9,0.254310345
1,7,2,0,9,0
1,7,2,1,9,0.017241379
1,7,2,2,9,0.176724138
1,7,2,3,9,0.551724138
1,7,2,4,9,0.254310345
1,7,1,0,10,0
1,7,1,1,10,0.017241379
1,7,1,2,10,0.176724138
1,7,1,3,10,0.551724138
1,7,1,4,10,0.254310345
1,7,2,0,10,0
1,7,2,1,10,0.017241379
1,7,2,2,10,0.176724138
1,7,2,3,10,0.551724138
1,7,2,4,10,0.254310345
1,7,1,0,11,0
1,7,1,1,11,0.017241379
1,7,1,2,11,0.176724138
1,7,1,3,11,0.551724138
1,7,1,4,11,0.254310345
1,7,2,0,11,0
1,7,2,1,11,0.017241379
1,7,2,2,11,0.176724138
1,7,2,3,11,0.551724138
1,7,2,4,11,0.254310345
1,7,1,0,12,0
1,7,1,1,12,0.017241379
1,7,1,2,12,0.176724138
1,7,1,3,12,0.551724138
1,7,1,4,12,0.254310345
1,7,2,0,12,0
1,7,2,1,12,0.017241379
1,7,2,2,12,0.176724138
1,7,2,3,12,0.551724138
1,7,2,4,12,0.254310345
1,8,1,0,1,0
1,8,1,1,1,0.017241379
1,8,1,2,1,0.176724138
1,8,1,3,1,0.551724138
1,8,1,4,1,0.254310345
1,8,2,0,1,0
1,8,2,1,1,0.017241379
1,8,2,2,1,0.176724138
1,8,2,3,1,0.551724138
1,8,2,4,1,0.254310345
1,8,1,0,2,0
1,8,1,1,2,0.017241379
1,8,1,2,2,0.176724138
1,8,1,3,2,0.551724138
1,8,1,4,2,0.254310345
1,8,2,0,2,0
1,8,2,1,2,0.017241379
1,8,2,2,2,0.176724138
1,8,2,3,2,0.551724138
1,8,2,4,2,0.254310345
1,8,1,0,3,0
1,8,1,1,3,0.017241379
1,8,1,2,3,0.176724138
1,8,1,3,3,0.551724138
1,8,1,4,3,0.254310345
1,8,2,0,3,0
1,8,2,1,3,0.017241379
1,8,2,2,3,0.176724138
1,8,2,3,3,0.551724138
1,8,2,4,3,0.254310345
1,8,1,0,4,0
1,8,1,1,4,0.017241379
1,8,1,2,4,0.176724138
1,8,1,3,4,0.551724138
1,8,1,4,4,0.254310345
1,8,2,0,4,0
1,8,2,1,4,0.017241379
1,8,2,2,4,0.176724138
1,8,2,3,4,0.551724138
1,8,2,4,4,0.254310345
1,8,1,0,5,0
1,8,1,1,5,0.017241379
1,8,1,2,5,0.176724138
1,8,1,3,5,0.551724138
1,8,1,4,5,0.254310345
1,8,2,0,5,0
1,8,2,1,5,0.017241379
1,8,2,2,5,0.176724138
1,8,2,3,5,0.551724138
1,8,2,4,5,0.254310345
1,8,1,0,6,0
1,8,1,1,6,0.017241379
1,8,1,2,6,0.176724138
1,8,1,3,6,0.551724138
1,8,1,4,6,0.254310345
1,8,2,0,6,0
1,8,2,1,6,0.017241379
1,8,2,2,6,0.176724138
1,8,2,3,6,0.551724138
1,8,2,4,6,0.254310345
1,8,1,0,7,0
1,8,1,1,7,0.017241379
1,8,1,2,7,0.176724138
1,8,1,3,7,0.551724138
1,8,1,4,7,0.254310345
1,8,2,0,7,0
1,8,2,1,7,0.017241379
1,8,2,2,7,0.176724138
1,8,2,3,7,0.551724138
1,8,2,4,7,0.254310345
1,8,1,0,8,0
1,8,1,1,8,0.017241379
1,8,1,2,8,0.176724138
1,8,1,3,8,0.551724138
1,8,1,4,8,0.254310345
1,8,2,0,8,0
1,8,2,1,8,0.017241379
1,8,2,2,8,0.176724138
1,8,2,3,8,0.551724138
1,8,2,4,8,0.254310345
1,8,1,0,9,0
1,8,1,1,9,0.017241379
1,8,1,2,9,0.176724138
1,8,1,3,9,0.551724138
1,8,1,4,9,0.254310345
1,8,2,0,9,0
1,8,2,1,9,0.017241379
1,8,2,2,9,0.176724138
1,8,2,3,9,0.551724138
1,8,2,4,9,0.254310345
1,8,1,0,10,0
1,8,1,1,10,0.017241379
1,8,1,2,10,0.176724138
1,8,1,3,10,0.551724138
1,8,1,4,10,0.254310345
1,8,2,0,10,0
1,8,2,1,10,0.017241379
1,8,2,2,10,0.176724138
1,8,2,3,10,0.551724138
1,8,2,4,10,0.254310345
1,8,1,0,11,0
1,8,1,1,11,0.017241379
1,8,1,2,11,0.176724138
1,8,1,3,11,0.551724138
1,8,1,4,11,0.254310345
1,8,2,0,11,0
1,8,2,1,11,0.017241379
1,8,2,2,11,0.176724138
1,8,2,3,11,0.551724138
1,8,2,4,11,0.254310345
1,8,1,0,12,0
1,8,1,1,12,0.017241379
1,8,1,2,12,0.176724138
1,8,1,3,12,0.551724138
1,8,1,4,12,0.254310345
1,8,2,0,12,0
1,8,2,1,12,0.017241379
1,8,2,2,12,0.176724138
1,8,2,3,12,0.551724138
1,8,2,4,12,0.254310345
2,1,1,0,1,0.1
2,1,1,1,1,0.225
2,1,1,2,1,0.225
2,1,1,3,1,0.225
2,1,1,4,1,0.225
2,1,2,0,1,0.1
2,1,2,1,1,0.225
2,1,2,2,1,0.225
2,1,2,3,1,0.225
2,1,2,4,1,0.225
2,1,1,0,2,0.1
2,1,1,1,2,0.225
2,1,1,2,2,0.225
2,1,1,3,2,0.225
2,1,1,4,2,0.225
2,1,2,0,2,0.1
2,1,2,1,2,0.225
2,1,2,2,2,0.225
2,1,2,3,2,0.225
2,1,2,4,2,0.225
2,1,1,0,3,0.1
2,1,1,1,3,0.225
2,1,1,2,3,0.225
2,1,1,3,3,0.225
2,1,1,4,3,0.225
2,1,2,0,3,0.1
2,1,2,1,3,0.225
2,1,2,2,3,0.225
2,1,2,3,3,0.225
2,1,2,4,3,0.225
2,1,1,0,4,0.1
2,1,1,1,4,0.225
2,1,1,2,4,0.225
2,1,1,3,4,0.225
2,1,1,4,4,0.225
2,1,2,0,4,0.1
2,1,2,1,4,0.225
2,1,2,2,4,0.225
2,1,2,3,4,0.225
2,1,2,4,4,0.225
2,1,1,0,5,0.1
2,1,1,1,5,0.225
2,1,1,2,5,0.225
2,1,1,3,5,0.225
2,1,1,4,5,0.225
2,1,2,0,5,0.1
2,1,2,1,5,0.225
2,1,2,2,5,0.225
2,1,2,3,5,0.225
2,1,2,4,5,0.225
2,1,1,0,6,0.1
2,1,1,1,6,0.225
2,1,1,2,6,0.225
2,1,1,3,6,0.225
2,1,1,4,6,0.225
2,1,2,0,6,0.1
2,1,2,1,6,0.225
2,1,2,2,6,0.225
2,1,2,3,6,0.225
2,1,2,4,6,0.225
2,1,1,0,7,0.1
2,1,1,1,7,0.225
2,1,1,2,7,0.225
2,1,1,3,7,0.225
2,1,1,4,7,0.225
2,1,2,0,7,0.1
2,1,2,1,7,0.225
2,1,2,2,7,0.225
2,1,2,3,7,0.225
2,1,2,4,7,0.225
2,1,1,0,8,0.1
2,1,1,1,8,0.225
2,1,1,2,8,0.225
2,1,1,3,8,0.225
2,1,1,4,8,0.225
2,1,2,0,8,0.1
2,1,2,1,8,0.225
2,1,2,2,8,0.225
2,1,2,3,8,0.225
2,1,2,4,8,0.225
2,1,1,0,9,0.1
2,1,1,1,9,0.225
2,1,1,2,9,0.225
2,1,1,3,9,0.225
2,1,1,4,9,0.225
2,1,2,0,9,0.1
2,1,2,1,9,0.225
2,1,2,2,9,0.225
2,1,2,3,9,0.225
2,1,2,4,9,0.225
2,1,1,0,10,0.1
2,1,1,1,10,0.225
2,1,1,2,10,0.225
2,1,1,3,10,0.225
2,1,1,4,10,0.225
2,1,2,0,10,0.1
2,1,2,1,10,0.225
2,1,2,2,10,0.225
2,1,2,3,10,0.225
2,1,2,4,10,0.225
2,1,1,0,11,0.1
2,1,1,1,11,0.225
2,1,1,2,11,0.225
2,1,1,3,11,0.225
2,1,1,4,11,0.225
2,1,2,0,11,0.1
2,1,2,1,11,0.225
2,1,2,2,11,0.225
2,1,2,3,11,0.225
2,1,2,4,11,0.225
2,1,1,0,12,0.1
2,1,1,1,12,0.225
2,1,1,2,12,0.225
2,1,1,3,12,0.225
2,1,1,4,12,0.225
2,1,2,0,12,0.1
2,1,2,1,12,0.225
2,1,2,2,12,0.225
2,1,2,3,12,0.225
2,1,2,4,12,0.225
2,2,1,0,1,0.1
2,2,1,1,1,0.225
2,2,1,2,1,0.225
2,2,1,3,1,0.225
2,2,1,4,1,0.225
2,2,2,0,1,0.1
2,2,2,1,1,0.225
2,2,2,2,1,0.225
2,2,2,3,1,0.225
2,2,2,4,1,0.225
2,2,1,0,2,0.1
2,2,1,1,2,0.225
2,2,1,2,2,0.225
2,2,1,3,2,0.225
2,2,1,4,2,0.225
2,2,2,0,2,0.1
2,2,2,1,2,0.225
2,2,2,2,2,0.225
2,2,2,3,2,0.225
2,2,2,4,2,0.225
2,2,1,0,3,0.1
2,2,1,1,3,0.225
2,2,1,2,3,0.225
2,2,1,3,3,0.225
2,2,1,4,3,0.225
2,2,2,0,3,0.1
2,2,2,1,3,0.225
2,2,2,2,3,0.225
2,2,2,3,3,0.225
2,2,2,4,3,0.225
2,2,1,0,4,0.1
2,2,1,1,4,0.225
2,2,1,2,4,0.225
2,2,1,3,4,0.225
2,2,1,4,4,0.225
2,2,2,0,4,0.1
2,2,2,1,4,0.225
2,2,2,2,4,0.225
2,2,2,3,4,0.225
2,2,2,4,4,0.225
2,2,1,0,5,0.1
2,2,1,1,5,0.225
2,2,1,2,5,0.225
2,2,1,3,5,0.225
2,2,1,4,5,0.225
2,2,2,0,5,0.1
2,2,2,1,5,0.225
2,2,2,2,5,0.225
2,2,2,3,5,0.225
2,2,2,4,5,0.225
2,2,1,0,6,0.1
2,2,1,1,6,0.225
2,2,1,2,6,0.225
2,2,1,3,6,0.225
2,2,1,4,6,0.225
2,2,2,0,6,0.1
2,2,2,1,6,0.225
2,2,2,2,6,0.225
2,2,2,3,6,0.225
2,2,2,4,6,0.225
2,2,1,0,7,0.1
2,2,1,1,7,0.225
2,2,1,2,7,0.225
2,2,1,3,7,0.225
2,2,1,4,7,0.225
2,2,2,0,7,0.1
2,2,2,1,7,0.225
2,2,2,2,7,0.225
2,2,2,3,7,0.225
2,2,2,4,7,0.225
2,2,1,0,8,0.1
2,2,1,1,8,0.225
2,2,1,2,8,0.225
2,2,1,3,8,0.225
2,2,1,4,8,0.225
2,2,2,0,8,0.1
2,2,2,1,8,0.225
2,2,2,2,8,0.225
2,2,2,3,8,0.225
2,2,2,4,8,0.225
2,2,1,0,9,0.1
2,2,1,1,9,0.225
2,2,1,2,9,0.225
2,2,1,3,9,0.225
2,2,1,4,9,0.225
2,2,2,0,9,0.1
2,2,2,1,9,0.225
2,2,2,2,9,0.225
2,2,2,3,9,0.225
2,2,2,4,9,0.225
2,2,1,0,10,0.1
2,2,1,1,10,0.225
2,2,1,2,10,0.225
2,2,1,3,10,0.225
2,2,1,4,10,0.225
2,2,2,0,10,0.1
2,2,2,1,10,0.225
2,2,2,2,10,0.225
2,2,2,3,10,0.225
2,2,2,4,10,0.225
2,2,1,0,11,0.1
2,2,1,1,11,0.225
2,2,1,2,11,0.225
2,2,1,3,11,0.225
2,2,1,4,11,0.225
2,2,2,0,11,0.1
2,2,2,1,11,0.225
2,2,2,2,11,0.225
2,2,2,3,11,0.225
2,2,2,4,11,0.225
2,2,1,0,12,0.1
2,2,1,1,12,0.225
2,2,1,2,12,0.225
2,2,1,3,12,0.225
2,2,1,4,12,0.225
2,2,2,0,12,0.1
2,2,2,1,12,0.225
2,2,2,2,12,0.225
2,2,2,3,12,0.225
2,2,2,4,12,0.225
2,3,1,0,1,0
2,3,1,1,1,0
2,3,1,2,1,0
2,3,1,3,1,0
2,3,1,4,1,0
2,3,2,0,1,0
2,3,2,1,1,0
2,3,2,2,1,0
2,3,2,3,1,0
2,3,2,4,1,0
2,3,1,0,2,0
2,3,1,1,2,0
2,3,1,2,2,0
2,3,1,3,2,0
2,3,1,4,2,0
2,3,2,0,2,0
2,3,2,1,2,0
2,3,2,2,2,0
2,3,2,3,2,0
2,3,2,4,2,0
2,3,1,0,3,0.266666667
2,3,1,1,3,0.183333333
2,3,1,2,3,0.183333333
2,3,1,3,3,0.183333333
2,3,1,4,3,0.183333333
2,3,2,0,3,0.266666667
2,3,2,1,3,0.183333333
2,3,2,2,3,0.183333333
2,3,2,3,3,0.183333333
2,3,2,4,3,0.183333333
2,3,1,0,4,0.266666667
2,3,1,1,4,0.183333333
2,3,1,2,4,0.183333333
2,3,1,3,4,0.183333333
2,3,1,4,4,0.183333333
2,3,2,0,4,0.266666667
2,3,2,1,4,0.183333333
2,3,2,2,4,0.183333333
2,3,2,3,4,0.183333333
2,3,2,4,4,0.183333333
2,3,1,0,5,0.266666667
2,3,1,1,5,0.183333333
2,3,1,2,5,0.183333333
2,3,1,3,5,0.183333333
2,3,1,4,5,0.183333333
2,3,2,0,5,0.266666667
2,3,2,1,5,0.183333333
2,3,2,2,5,0.183333333
2,3,2,3,5,0.183333333
2,3,2,4,5,0.183333333
2,3,1,0,6,0.5
2,3,1,1,6,0.125
2,3,1,2,6,0.125
2,3,1,3,6,0.125
2,3,1,4,6,0.125
2,3,2,0,6,0.5
2,3,2,1,6,0.125
2,3,2,2,6,0.125
2,3,2,3,6,0.125
2,3,2,4,6,0.125
2,3,1,0,7,0.5
2,3,1,1,7,0.125
2,3,1,2,7,0.125
2,3,1,3,7,0.125
2,3,1,4,7,0.125
2,3,2,0,7,0.5
2,3,2,1,7,0.125
2,3,2,2,7,0.125
2,3,2,3,7,0.125
2,3,2,4,7,0.125
2,3,1,0,8,0.5
2,3,1,1,8,0.125
2,3,1,2,8,0.125
2,3,1,3,8,0.125
2,3,1,4,8,0.125
2,3,2,0,8,0.5
2,3,2,1,8,0.125
2,3,2,2,8,0.125
2,3,2,3,8,0.125
2,3,2,4,8,0.125
2,3,1,0,9,0
2,3,1,1,9,0.25
2,3,1,2,9,0.25
2,3,1,3,9,0.25
2,3,1,4,9,0.25
2,3,2,0,9,0
2,3,2,1,9,0.25
2,3,2,2,9,0.25
2,3,2,3,9,0.25
2,3,2,4,9,0.25
2,3,1,0,10,0
2,3,1,1,10,0.25
2,3,1,2,10,0.25
2,3,1,3,10,0.25
2,3,1,4,10,0.25
2,3,2,0,10,0
2,3,2,1,10,0.25
2,3,2,2,10,0.25
2,3,2,3,10,0.25
2,3,2,4,10,0.25
2,3,1,0,11,0
2,3,1,1,11,0
2,3,1,2,11,0
2,3,1,3,11,0
2,3,1,4,11,0
2,3,2,0,11,0
2,3,2,1,11,0
2,3,2,2,11,0
2,3,2,3,11,0
2,3,2,4,11,0
2,3,1,0,12,0
2,3,1,1,12,0
2,3,1,2,12,0
2,3,1,3,12,0
2,3,1,4,12,0
2,3,2,0,12,0
2,3,2,1,12,0
2,3,2,2,12,0
2,3,2,3,12,0
2,3,2,4,12,0
2,4,1,0,1,0.31
2,4,1,1,1,0.1725
2,4,1,2,1,0.1725
2,4,1,3,1,0.1725
2,4,1,4,1,0.1725
2,4,2,0,1,0.31
2,4,2,1,1,0.1725
2,4,2,2,1,0.1725
2,4,2,3,1,0.1725
2,4,2,4,1,0.1725
2,4,1,0,2,0.31
2,4,1,1,2,0.1725
2,4,1,2,2,0.1725
2,4,1,3,2,0.1725
2,4,1,4,2,0.1725
2,4,2,0,2,0.31
2,4,2,1,2,0.1725
2,4,2,2,2,0.1725
2,4,2,3,2,0.1725
2,4,2,4,2,0.1725
2,4,1,0,3,0.31
2,4,1,1,3,0.1725
2,4,1,2,3,0.1725
2,4,1,3,3,0.1725
2,4,1,4,3,0.1725
2,4,2,0,3,0.31
2,4,2,1,3,0.1725
2,4,2,2,3,0.1725
2,4,2,3,3,0.1725
2,4,2,4,3,0.1725
2,4,1,0,4,0.31
2,4,1,1,4,0.1725
2,4,1,2,4,0.1725
2,4,1,3,4,0.1725
2,4,1,4,4,0.1725
2,4,2,0,4,0.31
2,4,2,1,4,0.1725
2,4,2,2,4,0.1725
2,4,2,3,4,0.1725
2,4,2,4,4,0.1725
2,4,1,0,5,0.31
2,4,1,1,5,0.1725
2,4,1,2,5,0.1725
2,4,1,3,5,0.1725
2,4,1,4,5,0.1725
2,4,2,0,5,0.31
2,4,2,1,5,0.1725
2,4,2,2,5,0.1725
2,4,2,3,5,0.1725
2,4,2,4,5,0.1725
2,4,1,0,6,0.31
2,4,1,1,6,0.1725
2,4,1,2,6,0.1725
2,4,1,3,6,0.1725
2,4,1,4,6,0.1725
2,4,2,0,6,0.31
2,4,2,1,6,0.1725
2,4,2,2,6,0.1725
2,4,2,3,6,0.1725
2,4,2,4,6,0.1725
2,4,1,0,7,0.31
2,4,1,1,7,0.1725
2,4,1,2,7,0.1725
2,4,1,3,7,0.1725
2,4,1,4,7,0.1725
2,4,2,0,7,0.31
2,4,2,1,7,0.1725
2,4,2,2,7,0.1725
2,4,2,3,7,0.1725
2,4,2,4,7,0.1725
2,4,1,0,8,0.31
2,4,1,1,8,0.1725
2,4,1,2,8,0.1725
2,4,1,3,8,0.1725
2,4,1,4,8,0.1725
2,4,2,0,8,0.31
2,4,2,1,8,0.1725
2,4,2,2,8,0.1725
2,4,2,3,8,0.1725
2,4,2,4,8,0.1725
2,4,1,0,9,0.31
2,4,1,1,9,0.1725
2,4,1,2,9,0.1725
2,4,1,3,9,0.1725
2,4,1,4,9,0.1725
2,4,2,0,9,0.31
2,4,2,1,9,0.1725
2,4,2,2,9,0.1725
2,4,2,3,9,0.1725
2,4,2,4,9,0.1725
2,4,1,0,10,0.31
2,4,1,1,10,0.1725
2,4,1,2,10,0.1725
2,4,1,3,10,0.1725
2,4,1,4,10,0.1725
2,4,2,0,10,0.31
2,4,2,1,10,0.1725
2,4,2,2,10,0.1725
2,4,2,3,10,0.1725
2,4,2,4,10,0.1725
2,4,1,0,11,0.31
2,4,1,1,11,0.1725
2,4,1,2,11,0.1725
2,4,1,3,11,0.1725
2,4,1,4,11,0.1725
2,4,2,0,11,0.31
2,4,2,1,11,0.1725
2,4,2,2,11,0.1725
2,4,2,3,11,0.1725
2,4,2,4,11,0.1725
2,4,1,0,12,0.31
2,4,1,1,12,0.1725
2,4,1,2,12,0.1725
2,4,1,3,12,0.1725
2,4,1,4,12,0.1725
2,4,2,0,12,0.31
2,4,2,1,12,0.1725
2,4,2,2,12,0.1725
2,4,2,3,12,0.1725
2,4,2,4,12,0.1725
2,5,1,0,1,0.31
2,5,1,1,1,0.1725
2,5,1,2,1,0.1725
2,5,1,3,1,0.1725
2,5,1,4,1,0.1725
2,5,2,0,1,0.31
2,5,2,1,1,0.1725
2,5,2,2,1,0.1725
2,5,2,3,1,0.1725
2,5,2,4,1,0.1725
2,5,1,0,2,0.31
2,5,1,1,2,0.1725
2,5,1,2,2,0.1725
2,5,1,3,2,0.1725
2,5,1,4,2,0.1725
2,5,2,0,2,0.31
2,5,2,1,2,0.1725
2,5,2,2,2,0.1725
2,5,2,3,2,0.1725
2,5,2,4,2,0.1725
2,5,1,0,3,0.31
2,5,1,1,3,0.1725
2,5,1,2,3,0.1725
2,5,1,3,3,0.1725
2,5,1,4,3,0.1725
2,5,2,0,3,0.31
2,5,2,1,3,0.1725
2,5,2,2,3,0.1725
2,5,2,3,3,0.1725
2,5,2,4,3,0.1725
2,5,1,0,4,0.31
2,5,1,1,4,0.1725
2,5,1,2,4,0.1725
2,5,1,3,4,0.1725
2,5,1,4,4,0.1725
2,5,2,0,4,0.31
2,5,2,1,4,0.1725
2,5,2,2,4,0.1725
2,5,2,3,4,0.1725
2,5,2,4,4,0.1725
2,5,1,0,5,0.31
2,5,1,1,5,0.1725
2,5,1,2,5,0.1725
2,5,1,3,5,0.1725
2,5,1,4,5,0.1725
2,5,2,0,5,0.31
2,5,2,1,5,0.1725
2,5,2,2,5,0.1725
2,5,2,3,5,0.1725
2,5,2,4,5,0.1725
2,5,1,0,6,0.31
2,5,1,1,6,0.1725
2,5,1,2,6,0.1725
2,5,1,3,6,0.1725
2,5,1,4,6,0.1725
2,5,2,0,6,0.31
2,5,2,1,6,0.1725
2,5,2,2,6,0.1725
2,5,2,3,6,0.1725
2,5,2,4,6,0.1725
2,5,1,0,7,0.31
2,5,1,1,7,0.1725
2,5,1,2,7,0.1725
2,5,1,3,7,0.1725
2,5,1,4,7,0.1725
2,5,2,0,7,0.31
2,5,2,1,7,0.1725
2,5,2,2,7,0.1725
2,5,2,3,7,0.1725
2,5,2,4,7,0.1725
2,5,1,0,8,0.31
2,5,1,1,8,0.1725
2,5,1,2,8,0.1725
2,5,1,3,8,0.1725
2,5,1,4,8,0.1725
2,5,2,0,8,0.31
2,5,2,1,8,0.1725
2,5,2,2,8,0.1725
2,5,2,3,8,0.1725
2,5,2,4,8,0.1725
2,5,1,0,9,0.31
2,5,1,1,9,0.1725
2,5,1,2,9,0.1725
2,5,1,3,9,0.1725
2,5,1,4,9,0.1725
2,5,2,0,9,0.31
2,5,2,1,9,0.1725
2,5,2,2,9,0.1725
2,5,2,3,9,0.1725
2,5,2,4,9,0.1725
2,5,1,0,10,0.31
2,5,1,1,10,0.1725
2,5,1,2,10,0.1725
2,5,1,3,10,0.1725
2,5,1,4,10,0.1725
2,5,2,0,10,0.31
2,5,2,1,10,0.1725
2,5,2,2,10,0.1725
2,5,2,3,10,0.1725
2,5,2,4,10,0.1725
2,5,1,0,11,0.31
2,5,1,1,11,0.1725
2,5,1,2,11,0.1725
2,5,1,3,11,0.1725
2,5,1,4,11,0.1725
2,5,2,0,11,0.31
2,5,2,1,11,0.1725
2,5,2,2,11,0.1725
2,5,2,3,11,0.1725
2,5,2,4,11,0.1725
2,5,1,0,12,0.31
2,5,1,1,12,0.1725
2,5,1,2,12,0.1725
2,5,1,3,12,0.1725
2,5,1,4,12,0.1725
2,5,2,0,12,0.31
2,5,2,1,12,0.1725
2,5,2,2,12,0.1725
2,5,2,3,12,0.1725
2,5,2,4,12,0.1725
2,6,1,0,1,0.31
2,6,1,1,1,0.1725
2,6,1,2,1,0.1725
2,6,1,3,1,0.1725
2,6,1,4,1,0.1725
2,6,2,0,1,0.31
2,6,2,1,1,0.1725
2,6,2,2,1,0.1725
2,6,2,3,1,0.1725
2,6,2,4,1,0.1725
2,6,1,0,2,0.31
2,6,1,1,2,0.1725
2,6,1,2,2,0.1725
2,6,1,3,2,0.1725
2,6,1,4,2,0.1725
2,6,2,0,2,0.31
2,6,2,1,2,0.1725
2,6,2,2,2,0.1725
2,6,2,3,2,0.1725
2,6,2,4,2,0.1725
2,6,1,0,3,0.31
2,6,1,1,3,0.1725
2,6,1,2,3,0.1725
2,6,1,3,3,0.1725
2,6,1,4,3,0.1725
2,6,2,0,3,0.31
2,6,2,1,3,0.1725
2,6,2,2,3,0.1725
2,6,2,3,3,0.1725
2,6,2,4,3,0.1725
2,6,1,0,4,0.31
2,6,1,1,4,0.1725
2,6,1,2,4,0.1725
2,6,1,3,4,0.1725
2,6,1,4,4,0.1725
2,6,2,0,4,0.31
2,6,2,1,4,0.1725
2,6,2,2,4,0.1725
2,6,2,3,4,0.1725
2,6,2,4,4,0.1725
2,6,1,0,5,0.31
2,6,1,1,5,0.1725
2,6,1,2,5,0.1725
2,6,1,3,5,0.1725
2,6,1,4,5,0.1725
2,6,2,0,5,0.31
2,6,2,1,5,0.1725
2,6,2,2,5,0.1725
2,6,2,3,5,0.1725
2,6,2,4,5,0.1725
2,6,1,0,6,0.31
2,6,1,1,6,0.1725
2,6,1,2,6,0.1725
2,6,1,3,6,0.1725
2,6,1,4,6,0.1725
2,6,2,0,6,0.31
2,6,2,1,6,0.1725
2,6,2,2,6,0.1725
2,6,2,3,6,0.1725
2,6,2,4,6,0.1725
2,6,1,0,7,0.31
2,6,1,1,7,0.1725
2,6,1,2,7,0.1725
2,6,1,3,7,0.1725
2,6,1,4,7,0.1725
2,6,2,0,7,0.31
2,6,2,1,7,0.1725
2,6,2,2,7,0.1725
2,6,2,3,7,0.1725
2,6,2,4,7,0.1725
2,6,1,0,8,0.31
2,6,1,1,8,0.1725
2,6,1,2,8,0.1725
2,6,1,3,8,0.1725
2,6,1,4,8,0.1725
2,6,2,0,8,0.31
2,6,2,1,8,0.1725
2,6,2,2,8,0.1725
2,6,2,3,8,0.1725
2,6,2,4,8,0.1725
2,6,1,0,9,0.31
2,6,1,1,9,0.1725
2,6,1,2,9,0.1725
2,6,1,3,9,0.1725
2,6,1,4,9,0.1725
2,6,2,0,9,0.31
2,6,2,1,9,0.1725
2,6,2,2,9,0.1725
2,6,2,3,9,0.1725
2,6,2,4,9,0.1725
2,6,1,0,10,0.31
2,6,1,1,10,0.1725
2,6,1,2,10,0.1725
2,6,1,3,10,0.1725
2,6,1,4,10,0.1725
2,6,2,0,10,0.31
2,6,2,1,10,0.1725
2,6,2,2,10,0.1725
2,6,2,3,10,0.1725
2,6,2,4,10,0.1725
2,6,1,0,11,0.31
2,6,1,1,11,0.1725
2,6,1,2,11,0.1725
2,6,1,3,11,0.1725
2,6,1,4,11,0.1725
2,6,2,0,11,0.31
2,6,2,1,11,0.1725
2,6,2,2,11,0.1725
2,6,2,3,11,0.1725
2,6,2,4,11,0.1725
2,6,1,0,12,0.31
2,6,1,1,12,0.1725
2,6,1,2,12,0.1725
2,6,1,3,12,0.1725
2,6,1,4,12,0.1725
2,6,2,0,12,0.31
2,6,2,1,12,0.1725
2,6,2,2,12,0.1725
2,6,2,3,12,0.1725
2,6,2,4,12,0.1725
2,7,1,0,1,0.31
2,7,1,1,1,0.1725
2,7,1,2,1,0.1725
2,7,1,3,1,0.1725
2,7,1,4,1,0.1725
2,7,2,0,1,0.31
2,7,2,1,1,0.1725
2,7,2,2,1,0.1725
2,7,2,3,1,0.1725
2,7,2,4,1,0.1725
2,7,1,0,2,0.31
2,7,1,1,2,0.1725
2,7,1,2,2,0.1725
2,7,1,3,2,0.1725
2,7,1,4,2,0.1725
2,7,2,0,2,0.31
2,7,2,1,2,0.1725
2,7,2,2,2,0.1725
2,7,2,3,2,0.1725
2,7,2,4,2,0.1725
2,7,1,0,3,0.31
2,7,1,1,3,0.1725
2,7,1,2,3,0.1725
2,7,1,3,3,0.1725
2,7,1,4,3,0.1725
2,7,2,0,3,0.31
2,7,2,1,3,0.1725
2,7,2,2,3,0.1725
2,7,2,3,3,0.1725
2,7,2,4,3,0.1725
2,7,1,0,4,0.31
2,7,1,1,4,0.1725
2,7,1,2,4,0.1725
2,7,1,3,4,0.1725
2,7,1,4,4,0.1725
2,7,2,0,4,0.31
2,7,2,1,4,0.1725
2,7,2,2,4,0.1725
2,7,2,3,4,0.1725
2,7,2,4,4,0.1725
2,7,1,0,5,0.31
2,7,1,1,5,0.1725
2,7,1,2,5,0.1725
2,7,1,3,5,0.1725
2,7,1,4,5,0.1725
2,7,2,0,5,0.31
2,7,2,1,5,0.1725
2,7,2,2,5,0.1725
2,7,2,3,5,0.1725
2,7,2,4,5,0.1725
2,7,1,0,6,0.31
2,7,1,1,6,0.1725
2,7,1,2,6,0.1725
2,7,1,3,6,0.1725
2,7,1,4,6,0.1725
2,7,2,0,6,0.31
2,7,2,1,6,0.1725
2,7,2,2,6,0.1725
2,7,2,3,6,0.1725
2,7,2,4,6,0.1725
2,7,1,0,7,0.31
2,7,1,1,7,0.1725
2,7,1,2,7,0.1725
2,7,1,3,7,0.1725
2,7,1,4,7,0.1725
2,7,2,0,7,0.31
2,7,2,1,7,0.1725
2,7,2,2,7,0.1725
2,7,2,3,7,0.1725
2,7,2,4,7,0.1725
2,7,1,0,8,0.31
2,7,1,1,8,0.1725
2,7,1,2,8,0.1725
2,7,1,3,8,0.1725
2,7,1,4,8,0.1725
2,7,2,0,8,0.31
2,7,2,1,8,0.1725
2,7,2,2,8,0.1725
2,7,2,3,8,0.1725
2,7,2,4,8,0.1725
2,7,1,0,9,0.31
2,7,1,1,9,0.1725
2,7,1,2,9,0.1725
2,7,1,3,9,0.1725
2,7,1,4,9,0.1725
2,7,2,0,9,0.31
2,7,2,1,9,0.1725
2,7,2,2,9,0.1725
2,7,2,3,9,0.1725
2,7,2,4,9,0.1725
2,7,1,0,10,0.31
2,7,1,1,10,0.1725
2,7,1,2,10,0.1725
2,7,1,3,10,0.1725
2,7,1,4,10,0.1725
2,7,2,0,10,0.31
2,7,2,1,10,0.1725
2,7,2,2,10,0.1725
2,7,2,3,10,0.1725
2,7,2,4,10,0.1725
2,7,1,0,11,0.31
2,7,1,1,11,0.1725
2,7,1,2,11,0.1725
2,7,1,3,11,0.1725
2,7,1,4,11,0.1725
2,7,2,0,11,0.31
2,7,2,1,11,0.1725
2,7,2,2,11,0.1725
2,7,2,3,11,0.1725
2,7,2,4,11,0.1725
2,7,1,0,12,0.31
2,7,1,1,12,0.1725
2,7,1,2,12,0.1725
2,7,1,3,12,0.1725
2,7,1,4,12,0.1725
2,7,2,0,12,0.31
2,7,2,1,12,0.1725
2,7,2,2,12,0.1725
2,7,2,3,12,0.1725
2,7,2,4,12,0.1725
2,8,1,0,1,0.31
2,8,1,1,1,0.1725
2,8,1,2,1,0.1725
2,8,1,3,1,0.1725
2,8,1,4,1,0.1725
2,8,2,0,1,0.31
2,8,2,1,1,0.1725
2,8,2,2,1,0.1725
2,8,2,3,1,0.1725
2,8,2,4,1,0.1725
2,8,1,0,2,0.31
2,8,1,1,2,0.1725
2,8,1,2,2,0.1725
2,8,1,3,2,0.1725
2,8,1,4,2,0.1725
2,8,2,0,2,0.31
2,8,2,1,2,0.1725
2,8,2,2,2,0.1725
2,8,2,3,2,0.1725
2,8,2,4,2,0.1725
2,8,1,0,3,0.31
2,8,1,1,3,0.1725
2,8,1,2,3,0.1725
2,8,1,3,3,0.1725
2,8,1,4,3,0.1725
2,8,2,0,3,0.31
2,8,2,1,3,0.1725
2,8,2,2,3,0.1725
2,8,2,3,3,0.1725
2,8,2,4,3,0.1725
2,8,1,0,4,0.31
2,8,1,1,4,0.1725
2,8,1,2,4,0.1725
2,8,1,3,4,0.1725
2,8,1,4,4,0.1725
2,8,2,0,4,0.31
2,8,2,1,4,0.1725
2,8,2,2,4,0.1725
2,8,2,3,4,0.1725
2,8,2,4,4,0.1725
2,8,1,0,5,0.31
2,8,1,1,5,0.1725
2,8,1,2,5,0.1725
2,8,1,3,5,0.1725
2,8,1,4,5,0.1725
2,8,2,0,5,0.31
2,8,2,1,5,0.1725
2,8,2,2,5,0.1725
2,8,2,3,5,0.1725
2,8,2,4,5,0.1725
2,8,1,0,6,0.31
2,8,1,1,6,0.1725
2,8,1,2,6,0.1725
2,8,1,3,6,0.1725
2,8,1,4,6,0.1725
2,8,2,0,6,0.31
2,8,2,1,6,0.1725
2,8,2,2,6,0.1725
2,8,2,3,6,0.1725
2,8,2,4,6,0.1725
2,8,1,0,7,0.31
2,8,1,1,7,0.1725
2,8,1,2,7,0.1725
2,8,1,3,7,0.1725
2,8,1,4,7,0.1725
2,8,2,0,7,0.31
2,8,2,1,7,0.1725
2,8,2,2,7,0.1725
2,8,2,3,7,0.1725
2,8,2,4,7,0.1725
2,8,1,0,8,0.31
2,8,1,1,8,0.1725
2,8,1,2,8,0.1725
2,8,1,3,8,0.1725
2,8,1,4,8,0.1725
2,8,2,0,8,0.31
2,8,2,1,8,0.1725
2,8,2,2,8,0.1725
2,8,2,3,8,0.1725
2,8,2,4,8,0.1725
2,8,1,0,9,0.31
2,8,1,1,9,0.1725
2,8,1,2,9,0.1725
2,8,1,3,9,0.1725
2,8,1,4,9,0.1725
2,8,2,0,9,0.31
2,8,2,1,9,0.1725
2,8,2,2,9,0.1725
2,8,2,3,9,0.1725
2,8,2,4,9,0.1725
2,8,1,0,10,0.31
2,8,1,1,10,0.1725
2,8,1,2,10,0.1725
2,8,1,3,10,0.1725
2,8,1,4,10,0.1725
2,8,2,0,10,0.31
2,8,2,1,10,0.1725
2,8,2,2,10,0.1725
2,8,2,3,10,0.1725
2,8,2,4,10,0.1725
2,8,1,0,11,0.31
2,8,1,1,11,0.1725
2,8,1,2,11,0.1725
2,8,1,3,11,0.1725
2,8,1,4,11,0.1725
2,8,2,0,11,0.31
2,8,2,1,11,0.1725
2,8,2,2,11,0.1725
2,8,2,3,11,0.1725
2,8,2,4,11,0.1725
2,8,1,0,12,0.31
2,8,1,1,12,0.1725
2,8,1,2,12,0.1725
2,8,1,3,12,0.1725
2,8,1,4,12,0.1725
2,8,2,0,12,0.31
2,8,2,1,12,0.1725
2,8,2,2,12,0.1725
2,8,2,3,12,0.1725
2,8,2,4,12,0.1725
3,1,1,0,1,0
3,1,1,1,1,0.25
3,1,1,2,1,0.25
3,1,1,3,1,0.25
3,1,1,4,1,0.25
3,1,2,0,1,0
3,1,2,1,1,0.25
3,1,2,2,1,0.25
3,1,2,3,1,0.25
3,1,2,4,1,0.25
3,1,1,0,2,0
3,1,1,1,2,0.25
3,1,1,2,2,0.25
3,1,1,3,2,0.25
3,1,1,4,2,0.25
3,1,2,0,2,0
3,1,2,1,2,0.25
3,1,2,2,2,0.25
3,1,2,3,2,0.25
3,1,2,4,2,0.25
3,1,1,0,3,0
3,1,1,1,3,0.25
3,1,1,2,3,0.25
3,1,1,3,3,0.25
3,1,1,4,3,0.25
3,1,2,0,3,0
3,1,2,1,3,0.25
3,1,2,2,3,0.25
3,1,2,3,3,0.25
3,1,2,4,3,0.25
3,1,1,0,4,0
3,1,1,1,4,0.25
3,1,1,2,4,0.25
3,1,1,3,4,0.25
3,1,1,4,4,0.25
3,1,2,0,4,0
3,1,2,1,4,0.25
3,1,2,2,4,0.25
3,1,2,3,4,0.25
3,1,2,4,4,0.25
3,1,1,0,5,0
3,1,1,1,5,0.25
3,1,1,2,5,0.25
3,1,1,3,5,0.25
3,1,1,4,5,0.25
3,1,2,0,5,0
3,1,2,1,5,0.25
3,1,2,2,5,0.25
3,1,2,3,5,0.25
3,1,2,4,5,0.25
3,1,1,0,6,0
3,1,1,1,6,0.25
3,1,1,2,6,0.25
3,1,1,3,6,0.25
3,1,1,4,6,0.25
3,1,2,0,6,0
3,1,2,1,6,0.25
3,1,2,2,6,0.25
3,1,2,3,6,0.25
3,1,2,4,6,0.25
3,1,1,0,7,0
3,1,1,1,7,0.25
3,1,1,2,7,0.25
3,1,1,3,7,0.25
3,1,1,4,7,0.25
3,1,2,0,7,0
3,1,2,1,7,0.25
3,1,2,2,7,0.25
3,1,2,3,7,0.25
3,1,2,4,7,0.25
3,1,1,0,8,0
3,1,1,1,8,0.25
3,1,1,2,8,0.25
3,1,1,3,8,0.25
3,1,1,4,8,0.25
3,1,2,0,8,0
3,1,2,1,8,0.25
3,1,2,2,8,0.25
3,1,2,3,8,0.25
3,1,2,4,8,0.25
3,1,1,0,9,0
3,1,1,1,9,0.25
3,1,1,2,9,0.25
3,1,1,3,9,0.25
3,1,1,4,9,0.25
3,1,2,0,9,0
3,1,2,1,9,0.25
3,1,2,2,9,0.25
3,1,2,3,9,0.25
3,1,2,4,9,0.25
3,1,1,0,10,0
3,1,1,1,10,0.25
3,1,1,2,10,0.25
3,1,1,3,10,0.25
3,1,1,4,10,0.25
3,1,2,0,10,0
3,1,2,1,10,0.25
3,1,2,2,10,0.25
3,1,2,3,10,0.25
3,1,2,4,10,0.25
3,1,1,0,11,0
3,1,1,1,11,0.25
3,1,1,2,11,0.25
3,1,1,3,11,0.25
3,1,1,4,11,0.25
3,1,2,0,11,0
3,1,2,1,11,0.25
3,1,2,2,11,0.25
3,1,2,3,11,0.25
3,1,2,4,11,0.25
3,1,1,0,12,0
3,1,1,1,12,0.25
3,1,1,2,12,0.25
3,1,1,3,12,0.25
3,1,1,4,12,0.25
3,1,2,0,12,0
3,1,2,1,12,0.25
3,1,2,2,12,0.25
3,1,2,3,12,0.25
3,1,2,4,12,0.25
3,2,1,0,1,0
3,2,1,1,1,0.25
3,2,1,2,1,0.25
3,2,1,3,1,0.25
3,2,1,4,1,0.25
3,2,2,0,1,0
3,2,2,1,1,0.25
3,2,2,2,1,0.25
3,2,2,3,1,0.25
3,2,2,4,1,0.25
3,2,1,0,2,0
3,2,1,1,2,0.25
3,2,1,2,2,0.25
3,2,1,3,2,0.25
3,2,1,4,2,0.25
3,2,2,0,2,0
3,2,2,1,2,0.25
3,2,2,2,2,0.25
3,2,2,3,2,0.25
3,2,2,4,2,0.25
3,2,1,0,3,0
3,2,1,1,3,0.25
3,2,1,2,3,0.25
3,2,1,3,3,0.25
3,2,1,4,3,0.25
3,2,2,0,3,0
3,2,2,1,3,0.25
3,2,2,2,3,0.25
3,2,2,3,3,0.25
3,2,2,4,3,0.25
3,2,1,0,4,0
3,2,1,1,4,0.25
3,2,1,2,4,0.25
3,2,1,3,4,0.25
3,2,1,4,4,0.25
3,2,2,0,4,0
3,2,2,1,4,0.25
3,2,2,2,4,0.25
3,2,2,3,4,0.25
3,2,2,4,4,0.25
3,2,1,0,5,0
3,2,1,1,5,0.25
3,2,1,2,5,0.25
3,2,1,3,5,0.25
3,2,1,4,5,0.25
3,2,2,0,5,0
3,2,2,1,5,0.25
3,2,2,2,5,0.25
3,2,2,3,5,0.25
3,2,2,4,5,0.25
3,2,1,0,6,0
3,2,1,1,6,0.25
3,2,1,2,6,0.25
3,2,1,3,6,0.25
3,2,1,4,6,0.25
3,2,2,0,6,0
3,2,2,1,6,0.25
3,2,2,2,6,0.25
3,2,2,3,6,0.25
3,2,2,4,6,0.25
3,2,1,0,7,0
3,2,1,1,7,0.25
3,2,1,2,7,0.25
3,2,1,3,7,0.25
3,2,1,4,7,0.25
3,2,2,0,7,0
3,2,2,1,7,0.25
3,2,2,2,7,0.25
3,2,2,3,7,0.25
3,2,2,4,7,0.25
3,2,1,0,8,0
3,2,1,1,8,0.25
3,2,1,2,8,0.25
3,2,1,3,8,0.25
3,2,1,4,8,0.25
3,2,2,0,8,0
3,2,2,1,8,0.25
3,2,2,2,8,0.25
3,2,2,3,8,0.25
3,2,2,4,8,0.25
3,2,1,0,9,0
3,2,1,1,9,0.25
3,2,1,2,9,0.25
3,2,1,3,9,0.25
3,2,1,4,9,0.25
3,2,2,0,9,0
3,2,2,1,9,0.25
3,2,2,2,9,0.25
3,2,2,3,9,0.25
3,2,2,4,9,0.25
3,2,1,0,10,0
3,2,1,1,10,0.25
3,2,1,2,10,0.25
3,2,1,3,10,0.25
3,2,1,4,10,0.25
3,2,2,0,10,0
3,2,2,1,10,0.25
3,2,2,2,10,0.25
3,2,2,3,10,0.25
3,2,2,4,10,0.25
3,2,1,0,11,0
3,2,1,1,11,0.25
3,2,1,2,11,0.25
3,2,1,3,11,0.25
3,2,1,4,11,0.25
3,2,2,0,11,0
3,2,2,1,11,0.25
3,2,2,2,11,0.25
3,2,2,3,11,0.25
3,2,2,4,11,0.25
3,2,1,0,12,0
3,2,1,1,12,0.25
3,2,1,2,12,0.25
3,2,1,3,12,0.25
3,2,1,4,12,0.25
3,2,2,0,12,0
3,2,2,1,12,0.25
3,2,2,2,12,0.25
3,2,2,3,12,0.25
3,2,2,4,12,0.25
3,3,1,0,1,0
3,3,1,1,1,0.25
3,3,1,2,1,0.25
3,3,1,3,1,0.25
3,3,1,4,1,0.25
3,3,2,0,1,0
3,3,2,1,1,0.25
3,3,2,2,1,0.25
3,3,2,3,1,0.25
3,3,2,4,1,0.25
3,3,1,0,2,0
3,3,1,1,2,0.25
3,3,1,2,2,0.25
3,3,1,3,2,0.25
3,3,1,4,2,0.25
3,3,2,0,2,0
3,3,2,1,2,0.25
3,3,2,2,2,0.25
3,3,2,3,2,0.25
3,3,2,4,2,0.25
3,3,1,0,3,0
3,3,1,1,3,0.25
3,3,1,2,3,0.25
3,3,1,3,3,0.25
3,3,1,4,3,0.25
3,3,2,0,3,0
3,3,2,1,3,0.25
3,3,2,2,3,0.25
3,3,2,3,3,0.25
3,3,2,4,3,0.25
3,3,1,0,4,0
3,3,1,1,4,0.25
3,3,1,2,4,0.25
3,3,1,3,4,0.25
3,3,1,4,4,0.25
3,3,2,0,4,0
3,3,2,1,4,0.25
3,3,2,2,4,0.25
3,3,2,3,4,0.25
3,3,2,4,4,0.25
3,3,1,0,5,0
3,3,1,1,5,0.25
3,3,1,2,5,0.25
3,3,1,3,5,0.25
3,3,1,4,5,0.25
3,3,2,0,5,0
3,3,2,1,5,0.25
3,3,2,2,5,0.25
3,3,2,3,5,0.25
3,3,2,4,5,0.25
3,3,1,0,6,0
3,3,1,1,6,0.25
3,3,1,2,6,0.25
3,3,1,3,6,0.25
3,3,1,4,6,0.25
3,3,2,0,6,0
3,3,2,1,6,0.25
3,3,2,2,6,0.25
3,3,2,3,6,0.25
3,3,2,4,6,0.25
3,3,1,0,7,0
3,3,1,1,7,0.25
3,3,1,2,7,0.25
3,3,1,3,7,0.25
3,3,1,4,7,0.25
3,3,2,0,7,0
3,3,2,1,7,0.25
3,3,2,2,7,0.25
3,3,2,3,7,0.25
3,3,2,4,7,0.25
3,3,1,0,8,0
3,3,1,1,8,0.25
3,3,1,2,8,0.25
3,3,1,3,8,0.25
3,3,1,4,8,0.25
3,3,2,0,8,0
3,3,2,1,8,0.25
3,3,2,2,8,0.25
3,3,2,3,8,0.25
3,3,2,4,8,0.25
3,3,1,0,9,0
3,3,1,1,9,0.25
3,3,1,2,9,0.25
3,3,1,3,9,0.25
3,3,1,4,9,0.25
3,3,2,0,9,0
3,3,2,1,9,0.25
3,3,2,2,9,0.25
3,3,2,3,9,0.25
3,3,2,4,9,0.25
3,3,1,0,10,0
3,3,1,1,10,0.25
3,3,1,2,10,0.25
3,3,1,3,10,0.25
3,3,1,4,10,0.25
3,3,2,0,10,0
3,3,2,1,10,0.25
3,3,2,2,10,0.25
3,3,2,3,10,0.25
3,3,2,4,10,0.25
3,3,1,0,11,0
3,3,1,1,11,0.25
3,3,1,2,11,0.25
3,3,1,3,11,0.25
3,3,1,4,11,0.25
3,3,2,0,11,0
3,3,2,1,11,0.25
3,3,2,2,11,0.25
3,3,2,3,11,0.25
3,3,2,4,11,0.25
3,3,1,0,12,0
3,3,1,1,12,0.25
3,3,1,2,12,0.25
3,3,1,3,12,0.25
3,3,1,4,12,0.25
3,3,2,0,12,0
3,3,2,1,12,0.25
3,3,2,2,12,0.25
3,3,2,3,12,0.25
3,3,2,4,12,0.25
3,4,1,0,1,0.2
3,4,1,1,1,0.2
3,4,1,2,1,0.2
3,4,1,3,1,0.2
3,4,1,4,1,0.2
3,4,2,0,1,0.2
3,4,2,1,1,0.2
3,4,2,2,1,0.2
3,4,2,3,1,0.2
3,4,2,4,1,0.2
3,4,1,0,2,0.2
3,4,1,1,2,0.2
3,4,1,2,2,0.2
3,4,1,3,2,0.2
3,4,1,4,2,0.2
3,4,2,0,2,0.2
3,4,2,1,2,0.2
3,4,2,2,2,0.2
3,4,2,3,2,0.2
3,4,2,4,2,0.2
3,4,1,0,3,0.5
3,4,1,1,3,0.125
3,4,1,2,3,0.125
3,4,1,3,3,0.125
3,4,1,4,3,0.125
3,4,2,0,3,0.5
3,4,2,1,3,0.125
3,4,2,2,3,0.125
3,4,2,3,3,0.125
3,4,2,4,3,0.125
3,4,1,0,4,0.5
3,4,1,1,4,0.125
3,4,1,2,4,0.125
3,4,1,3,4,0.125
3,4,1,4,4,0.125
3,4,2,0,4,0.5
3,4,2,1,4,0.125
3,4,2,2,4,0.125
3,4,2,3,4,0.125
3,4,2,4,4,0.125
3,4,1,0,5,0.5
3,4,1,1,5,0.125
3,4,1,2,5,0.125
3,4,1,3,5,0.125
3,4,1,4,5,0.125
3,4,2,0,5,0.5
3,4,2,1,5,0.125
3,4,2,2,5,0.125
3,4,2,3,5,0.125
3,4,2,4,5,0.125
3,4,1,0,6,0.2
3,4,1,1,6,0.2
3,4,1,2,6,0.2
3,4,1,3,6,0.2
3,4,1,4,6,0.2
3,4,2,0,6,0.2
3,4,2,1,6,0.2
3,4,2,2,6,0.2
3,4,2,3,6,0.2
3,4,2,4,6,0.2
3,4,1,0,7,0.2
3,4,1,1,7,0.2
3,4,1,2,7,0.2
3,4,1,3,7,0.2
3,4,1,4,7,0.2
3,4,2,0,7,0.2
3,4,2,1,7,0.2
3,4,2,2,7,0.2
3,4,2,3,7,0.2
3,4,2,4,7,0.2
3,4,1,0,8,0.2
3,4,1,1,8,0.2
3,4,1,2,8,0.2
3,4,1,3,8,0.2
3,4,1,4,8,0.2
3,4,2,0,8,0.2
3,4,2,1,8,0.2
3,4,2,2,8,0.2
3,4,2,3,8,0.2
3,4,2,4,8,0.2
3,4,1,0,9,0.2
3,4,1,1,9,0.2
3,4,1,2,9,0.2
3,4,1,3,9,0.2
3,4,1,4,9,0.2
3,4,2,0,9,0.2
3,4,2,1,9,0.2
3,4,2,2,9,0.2
3,4,2,3,9,0.2
3,4,2,4,9,0.2
3,4,1,0,10,0.2
3,4,1,1,10,0.2
3,4,1,2,10,0.2
3,4,1,3,10,0.2
3,4,1,4,10,0.2
3,4,2,0,10,0.2
3,4,2,1,10,0.2
3,4,2,2,10,0.2
3,4,2,3,10,0.2
3,4,2,4,10,0.2
3,4,1,0,11,0.2
3,4,1,1,11,0.2
3,4,1,2,11,0.2
3,4,1,3,11,0.2
3,4,1,4,11,0.2
3,4,2,0,11,0.2
3,4,2,1,11,0.2
3,4,2,2,11,0.2
3,4,2,3,11,0.2
3,4,2,4,11,0.2
3,4,1,0,12,0.2
3,4,1,1,12,0.2
3,4,1,2,12,0.2
3,4,1,3,12,0.2
3,4,1,4,12,0.2
3,4,2,0,12,0.2
3,4,2,1,12,0.2
3,4,2,2,12,0.2
3,4,2,3,12,0.2
3,4,2,4,12,0.2
3,5,1,0,1,0.2
3,5,1,1,1,0.2
3,5,1,2,1,0.2
3,5,1,3,1,0.2
3,5,1,4,1,0.2
3,5,2,0,1,0.2
3,5,2,1,1,0.2
3,5,2,2,1,0.2
3,5,2,3,1,0.2
3,5,2,4,1,0.2
3,5,1,0,2,0.2
3,5,1,1,2,0.2
3,5,1,2,2,0.2
3,5,1,3,2,0.2
3,5,1,4,2,0.2
3,5,2,0,2,0.2
3,5,2,1,2,0.2
3,5,2,2,2,0.2
3,5,2,3,2,0.2
3,5,2,4,2,0.2
3,5,1,0,3,0.5
3,5,1,1,3,0.125
3,5,1,2,3,0.125
3,5,1,3,3,0.125
3,5,1,4,3,0.125
3,5,2,0,3,0.5
3,5,2,1,3,0.125
3,5,2,2,3,0.125
3,5,2,3,3,0.125
3,5,2,4,3,0.125
3,5,1,0,4,0.5
3,5,1,1,4,0.125
3,5,1,2,4,0.125
3,5,1,3,4,0.125
3,5,1,4,4,0.125
3,5,2,0,4,0.5
3,5,2,1,4,0.125
3,5,2,2,4,0.125
3,5,2,3,4,0.125
3,5,2,4,4,0.125
3,5,1,0,5,0.5
3,5,1,1,5,0.125
3,5,1,2,5,0.125
3,5,1,3,5,0.125
3,5,1,4,5,0.125
3,5,2,0,5,0.5
3,5,2,1,5,0.125
3,5,2,2,5,0.125
3,5,2,3,5,0.125
3,5,2,4,5,0.125
3,5,1,0,6,0.2
3,5,1,1,6,0.2
3,5,1,2,6,0.2
3,5,1,3,6,0.2
3,5,1,4,6,0.2
3,5,2,0,6,0.2
3,5,2,1,6,0.2
3,5,2,2,6,0.2
3,5,2,3,6,0.2
3,5,2,4,6,0.2
3,5,1,0,7,0.2
3,5,1,1,7,0.2
3,5,1,2,7,0.2
3,5,1,3,7,0.2
3,5,1,4,7,0.2
3,5,2,0,7,0.2
3,5,2,1,7,0.2
3,5,2,2,7,0.2
3,5,2,3,7,0.2
3,5,2,4,7,0.2
3,5,1,0,8,0.2
3,5,1,1,8,0.2
3,5,1,2,8,0.2
3,5,1,3,8,0.2
3,5,1,4,8,0.2
3,5,2,0,8,0.2
3,5,2,1,8,0.2
3,5,2,2,8,0.2
3,5,2,3,8,0.2
3,5,2,4,8,0.2
3,5,1,0,9,0.2
3,5,1,1,9,0.2
3,5,1,2,9,0.2
3,5,1,3,9,0.2
3,5,1,4,9,0.2
3,5,2,0,9,0.2
3,5,2,1,9,0.2
3,5,2,2,9,0.2
3,5,2,3,9,0.2
3,5,2,4,9,0.2
3,5,1,0,10,0.2
3,5,1,1,10,0.2
3,5,1,2,10,0.2
3,5,1,3,10,0.2
3,5,1,4,10,0.2
3,5,2,0,10,0.2
3,5,2,1,10,0.2
3,5,2,2,10,0.2
3,5,2,3,10,0.2
3,5,2,4,10,0.2
3,5,1,0,11,0.2
3,5,1,1,11,0.2
3,5,1,2,11,0.2
3,5,1,3,11,0.2
3,5,1,4,11,0.2
3,5,2,0,11,0.2
3,5,2,1,11,0.2
3,5,2,2,11,0.2
3,5,2,3,11,0.2
3,5,2,4,11,0.2
3,5,1,0,12,0.2
3,5,1,1,12,0.2
3,5,1,2,12,0.2
3,5,1,3,12,0.2
3,5,1,4,12,0.2
3,5,2,0,12,0.2
3,5,2,1,12,0.2
3,5,2,2,12,0.2
3,5,2,3,12,0.2
3,5,2,4,12,0.2
3,6,1,0,1,0
3,6,1,1,1,0
3,6,1,2,1,0
3,6,1,3,1,0
3,6,1,4,1,0
3,6,2,0,1,0
3,6,2,1,1,0
3,6,2,2,1,0
3,6,2,3,1,0
3,6,2,4,1,0
3,6,1,0,2,0
3,6,1,1,2,0
3,6,1,2,2,0
3,6,1,3,2,0
3,6,1,4,2,0
3,6,2,0,2,0
3,6,2,1,2,0
3,6,2,2,2,0
3,6,2,3,2,0
3,6,2,4,2,0
3,6,1,0,3,0
3,6,1,1,3,0
3,6,1,2,3,0
3,6,1,3,3,0
3,6,1,4,3,0
3,6,2,0,3,0
3,6,2,1,3,0
3,6,2,2,3,0
3,6,2,3,3,0
3,6,2,4,3,0
3,6,1,0,4,0
3,6,1,1,4,0
3,6,1,2,4,0
3,6,1,3,4,0
3,6,1,4,4,0
3,6,2,0,4,0
3,6,2,1,4,0
3,6,2,2,4,0
3,6,2,3,4,0
3,6,2,4,4,0
3,6,1,0,5,0
3,6,1,1,5,0
3,6,1,2,5,0
3,6,1,3,5,0
3,6,1,4,5,0
3,6,2,0,5,0
3,6,2,1,5,0
3,6,2,2,5,0
3,6,2,3,5,0
3,6,2,4,5,0
3,6,1,0,6,0
3,6,1,1,6,0
3,6,1,2,6,0
3,6,1,3,6,0
3,6,1,4,6,0
3,6,2,0,6,0
3,6,2,1,6,0
3,6,2,2,6,0
3,6,2,3,6,0
3,6,2,4,6,0
3,6,1,0,7,0
3,6,1,1,7,0
3,6,1,2,7,0
3,6,1,3,7,0
3,6,1,4,7,0
3,6,2,0,7,0
3,6,2,1,7,0
3,6,2,2,7,0
3,6,2,3,7,0
3,6,2,4,7,0
3,6,1,0,8,0
3,6,1,1,8,0
3,6,1,2,8,0
3,6,1,3,8,0
3,6,1,4,8,0
3,6,2,0,8,0
3,6,2,1,8,0
3,6,2,2,8,0
3,6,2,3,8,0
3,6,2,4,8,0
3,6,1,0,9,0
3,6,1,1,9,0
3,6,1,2,9,0
3,6,1,3,9,0
3,6,1,4,9,0
3,6,2,0,9,0
3,6,2,1,9,0
3,6,2,2,9,0
3,6,2,3,9,0
3,6,2,4,9,0
3,6,1,0,10,0
3,6,1,1,10,0
3,6,1,2,10,0
3,6,1,3,10,0
3,6,1,4,10,0
3,6,2,0,10,0
3,6,2,1,10,0
3,6,2,2,10,0
3,6,2,3,10,0
3,6,2,4,10,0
3,6,1,0,11,0
3,6,1,1,11,0
3,6,1,2,11,0
3,6,1,3,11,0
3,6,1,4,11,0
3,6,2,0,11,0
3,6,2,1,11,0
3,6,2,2,11,0
3,6,2,3,11,0
3,6,2,4,11,0
3,6,1,0,12,0
3,6,1,1,12,0
3,6,1,2,12,0
3,6,1,3,12,0
3,6,1,4,12,0
3,6,2,0,12,0
3,6,2,1,12,0
3,6,2,2,12,0
3,6,2,3,12,0
3,6,2,4,12,0
3,7,1,0,1,0
3,7,1,1,1,0
3,7,1,2,1,0
3,7,1,3,1,0
3,7,1,4,1,0
3,7,2,0,1,0
3,7,2,1,1,0
3,7,2,2,1,0
3,7,2,3,1,0
3,7,2,4,1,0
3,7,1,0,2,0
3,7,1,1,2,0
3,7,1,2,2,0
3,7,1,3,2,0
3,7,1,4,2,0
3,7,2,0,2,0
3,7,2,1,2,0
3,7,2,2,2,0
3,7,2,3,2,0
3,7,2,4,2,0
3,7,1,0,3,0
3,7,1,1,3,0
3,7,1,2,3,0
3,7,1,3,3,0
3,7,1,4,3,0
3,7,2,0,3,0
3,7,2,1,3,0
3,7,2,2,3,0
3,7,2,3,3,0
3,7,2,4,3,0
3,7,1,0,4,0
3,7,1,1,4,0
3,7,1,2,4,0
3,7,1,3,4,0
3,7,1,4,4,0
3,7,2,0,4,0
3,7,2,1,4,0
3,7,2,2,4,0
3,7,2,3,4,0
3,7,2,4,4,0
3,7,1,0,5,0
3,7,1,1,5,0
3,7,1,2,5,0
3,7,1,3,5,0
3,7,1,4,5,0
3,7,2,0,5,0
3,7,2,1,5,0
3,7,2,2,5,0
3,7,2,3,5,0
3,7,2,4,5,0
3,7,1,0,6,0
3,7,1,1,6,0
3,7,1,2,6,0
3,7,1,3,6,0
3,7,1,4,6,0
3,7,2,0,6,0
3,7,2,1,6,0
3,7,2,2,6,0
3,7,2,3,6,0
3,7,2,4,6,0
3,7,1,0,7,0
3,7,1,1,7,0
3,7,1,2,7,0
3,7,1,3,7,0
3,7,1,4,7,0
3,7,2,0,7,0
3,7,2,1,7,0
3,7,2,2,7,0
3,7,2,3,7,0
3,7,2,4,7,0
3,7,1,0,8,0
3,7,1,1,8,0
3,7,1,2,8,0
3,7,1,3,8,0
3,7,1,4,8,0
3,7,2,0,8,0
3,7,2,1,8,0
3,7,2,2,8,0
3,7,2,3,8,0
3,7,2,4,8,0
3,7,1,0,9,0
3,7,1,1,9,0
3,7,1,2,9,0
3,7,1,3,9,0
3,7,1,4,9,0
3,7,2,0,9,0
3,7,2,1,9,0
3,7,2,2,9,0
3,7,2,3,9,0
3,7,2,4,9,0
3,7,1,0,10,0
3,7,1,1,10,0
3,7,1,2,10,0
3,7,1,3,10,0
3,7,1,4,10,0
3,7,2,0,10,0
3,7,2,1,10,0
3,7,2,2,10,0
3,7,2,3,10,0
3,7,2,4,10,0
3,7,1,0,11,0
3,7,1,1,11,0
3,7,1,2,11,0
3,7,1,3,11,0
3,7,1,4,11,0
3,7,2,0,11,0
3,7,2,1,11,0
3,7,2,2,11,0
3,7,2,3,11,0
3,7,2,4,11,0
3,7,1,0,12,0
3,7,1,1,12,0
3,7,1,2,12,0
3,7,1,3,12,0
3,7,1,4,12,0
3,7,2,0,12,0
3,7,2,1,12,0
3,7,2,2,12,0
3,7,2,3,12,0
3,7,2,4,12,0
3,8,1,0,1,0
3,8,1,1,1,0
3,8,1,2,1,0
3,8,1,3,1,0
3,8,1,4,1,0
3,8,2,0,1,0
3,8,2,1,1,0
3,8,2,2,1,0
3,8,2,3,1,0
3,8,2,4,1,0
3,8,1,0,2,0
3,8,1,1,2,0
3,8,1,2,2,0
3,8,1,3,2,0
3,8,1,4,2,0
3,8,2,0,2,0
3,8,2,1,2,0
3,8,2,2,2,0
3,8,2,3,2,0
3,8,2,4,2,0
3,8,1,0,3,0
3,8,1,1,3,0
3,8,1,2,3,0
3,8,1,3,3,0
3,8,1,4,3,0
3,8,2,0,3,0
3,8,2,1,3,0
3,8,2,2,3,0
3,8,2,3,3,0
3,8,2,4,3,0
3,8,1,0,4,0
3,8,1,1,4,0
3,8,1,2,4,0
3,8,1,3,4,0
3,8,1,4,4,0
3,8,2,0,4,0
3,8,2,1,4,0
3,8,2,2,4,0
3,8,2,3,4,0
3,8,2,4,4,0
3,8,1,0,5,0
3,8,1,1,5,0
3,8,1,2,5,0
3,8,1,3,5,0
3,8,1,4,5,0
3,8,2,0,5,0
3,8,2,1,5,0
3,8,2,2,5,0
3,8,2,3,5,0
3,8,2,4,5,0
3,8,1,0,6,0
3,8,1,1,6,0
3,8,1,2,6,0
3,8,1,3,6,0
3,8,1,4,6,0
3,8,2,0,6,0
3,8,2,1,6,0
3,8,2,2,6,0
3,8,2,3,6,0
3,8,2,4,6,0
3,8,1,0,7,0
3,8,1,1,7,0
3,8,1,2,7,0
3,8,1,3,7,0
3,8,1,4,7,0
3,8,2,0,7,0
3,8,2,1,7,0
3,8,2,2,7,0
3,8,2,3,7,0
3,8,2,4,7,0
3,8,1,0,8,0
3,8,1,1,8,0
3,8,1,2,8,0
3,8,1,3,8,0
3,8,1,4,8,0
3,8,2,0,8,0
3,8,2,1,8,0
3,8,2,2,8,0
3,8,2,3,8,0
3,8,2,4,8,0
3,8,1,0,9,0
3,8,1,1,9,0
3,8,1,2,9,0
3,8,1,3,9,0
3,8,1,4,9,0
3,8,2,0,9,0
3,8,2,1,9,0
3,8,2,2,9,0
3,8,2,3,9,0
3,8,2,4,9,0
3,8,1,0,10,0
3,8,1,1,10,0
3,8,1,2,10,0
3,8,1,3,10,0
3,8,1,4,10,0
3,8,2,0,10,0
3,8,2,1,10,0
3,8,2,2,10,0
3,8,2,3,10,0
3,8,2,4,10,0
3,8,1,0,11,0
3,8,1,1,11,0
3,8,1,2,11,0
3,8,1,3,11,0
3,8,1,4,11,0
3,8,2,0,11,0
3,8,2,1,11,0
3,8,2,2,11,0
3,8,2,3,11,0
3,8,2,4,11,0
3,8,1,0,12,0
3,8,1,1,12,0
3,8,1,2,12,0
3,8,1,3,12,0
3,8,1,4,12,0
3,8,2,0,12,0
3,8,2,1,12,0
3,8,2,2,12,0
3,8,2,3,12,0
3,8,2,4,12,0
4,1,1,0,1,0.31
4,1,1,1,1,0.1725
4,1,1,2,1,0.1725
4,1,1,3,1,0.1725
4,1,1,4,1,0.1725
4,1,2,0,1,0.31
4,1,2,1,1,0.1725
4,1,2,2,1,0.1725
4,1,2,3,1,0.1725
4,1,2,4,1,0.1725
4,1,1,0,2,0.31
4,1,1,1,2,0.1725
4,1,1,2,2,0.1725
4,1,1,3,2,0.1725
4,1,1,4,2,0.1725
4,1,2,0,2,0.31
4,1,2,1,2,0.1725
4,1,2,2,2,0.1725
4,1,2,3,2,0.1725
4,1,2,4,2,0.1725
4,1,1,0,3,0.31
4,1,1,1,3,0.1725
4,1,1,2,3,0.1725
4,1,1,3,3,0.1725
4,1,1,4,3,0.1725
4,1,2,0,3,0.31
4,1,2,1,3,0.1725
4,1,2,2,3,0.1725
4,1,2,3,3,0.1725
4,1,2,4,3,0.1725
4,1,1,0,4,0.31
4,1,1,1,4,0.1725
4,1,1,2,4,0.1725
4,1,1,3,4,0.1725
4,1,1,4,4,0.1725
4,1,2,0,4,0.31
4,1,2,1,4,0.1725
4,1,2,2,4,0.1725
4,1,2,3,4,0.1725
4,1,2,4,4,0.1725
4,1,1,0,5,0.31
4,1,1,1,5,0.1725
4,1,1,2,5,0.1725
4,1,1,3,5,0.1725
4,1,1,4,5,0.1725
4,1,2,0,5,0.31
4,1,2,1,5,0.1725
4,1,2,2,5,0.1725
4,1,2,3,5,0.1725
4,1,2,4,5,0.1725
4,1,1,0,6,0.31
4,1,1,1,6,0.1725
4,1,1,2,6,0.1725
4,1,1,3,6,0.1725
4,1,1,4,6,0.1725
4,1,2,0,6,0.31
4,1,2,1,6,0.1725
4,1,2,2,6,0.1725
4,1,2,3,6,0.1725
4,1,2,4,6,0.1725
4,1,1,0,7,0.31
4,1,1,1,7,0.1725
4,1,1,2,7,0.1725
4,1,1,3,7,0.1725
4,1,1,4,7,0.1725
4,1,2,0,7,0.31
4,1,2,1,7,0.1725
4,1,2,2,7,0.1725
4,1,2,3,7,0.1725
4,1,2,4,7,0.1725
4,1,1,0,8,0.31
4,1,1,1,8,0.1725
4,1,1,2,8,0.1725
4,1,1,3,8,0.1725
4,1,1,4,8,0.1725
4,1,2,0,8,0.31
4,1,2,1,8,0.1725
4,1,2,2,8,0.1725
4,1,2,3,8,0.1725
4,1,2,4,8,0.1725
4,1,1,0,9,0.31
4,1,1,1,9,0.1725
4,1,1,2,9,0.1725
4,1,1,3,9,0.1725
4,1,1,4,9,0.1725
4,1,2,0,9,0.31
4,1,2,1,9,0.1725
4,1,2,2,9,0.1725
4,1,2,3,9,0.1725
4,1,2,4,9,0.1725
4,1,1,0,10,0.31
4,1,1,1,10,0.1725
4,1,1,2,10,0.1725
4,1,1,3,10,0.1725
4,1,1,4,10,0.1725
4,1,2,0,10,0.31
4,1,2,1,10,0.1725
4,1,2,2,10,0.1725
4,1,2,3,10,0.1725
4,1,2,4,10,0.1725
4,1,1,0,11,0.31
4,1,1,1,11,0.1725
4,1,1,2,11,0.1725
4,1,1,3,11,0.1725
4,1,1,4,11,0.1725
4,1,2,0,11,0.31
4,1,2,1,11,0.1725
4,1,2,2,11,0.1725
4,1,2,3,11,0.1725
4,1,2,4,11,0.1725
4,1,1,0,12,0.31
4,1,1,1,12,0.1725
4,1,1,2,12,0.1725
4,1,1,3,12,0.1725
4,1,1,4,12,0.1725
4,1,2,0,12,0.31
4,1,2,1,12,0.1725
4,1,2,2,12,0.1725
4,1,2,3,12,0.1725
4,1,2,4,12,0.1725
4,2,1,0,1,0.31
4,2,1,1,1,0.1725
4,2,1,2,1,0.1725
4,2,1,3,1,0.1725
4,2,1,4,1,0.1725
4,2,2,0,1,0.31
4,2,2,1,1,0.1725
4,2,2,2,1,0.1725
4,2,2,3,1,0.1725
4,2,2,4,1,0.1725
4,2,1,0,2,0.31
4,2,1,1,2,0.1725
4,2,1,2,2,0.1725
4,2,1,3,2,0.1725
4,2,1,4,2,0.1725
4,2,2,0,2,0.31
4,2,2,1,2,0.1725
4,2,2,2,2,0.1725
4,2,2,3,2,0.1725
4,2,2,4,2,0.1725
4,2,1,0,3,0.31
4,2,1,1,3,0.1725
4,2,1,2,3,0.1725
4,2,1,3,3,0.1725
4,2,1,4,3,0.1725
4,2,2,0,3,0.31
4,2,2,1,3,0.1725
4,2,2,2,3,0.1725
4,2,2,3,3,0.1725
4,2,2,4,3,0.1725
4,2,1,0,4,0.31
4,2,1,1,4,0.1725
4,2,1,2,4,0.1725
4,2,1,3,4,0.1725
4,2,1,4,4,0.1725
4,2,2,0,4,0.31
4,2,2,1,4,0.1725
4,2,2,2,4,0.1725
4,2,2,3,4,0.1725
4,2,2,4,4,0.1725
4,2,1,0,5,0.31
4,2,1,1,5,0.1725
4,2,1,2,5,0.1725
4,2,1,3,5,0.1725
4,2,1,4,5,0.1725
4,2,2,0,5,0.31
4,2,2,1,5,0.1725
4,2,2,2,5,0.1725
4,2,2,3,5,0.1725
4,2,2,4,5,0.1725
4,2,1,0,6,0.31
4,2,1,1,6,0.1725
4,2,1,2,6,0.1725
4,2,1,3,6,0.1725
4,2,1,4,6,0.1725
4,2,2,0,6,0.31
4,2,2,1,6,0.1725
4,2,2,2,6,0.1725
4,2,2,3,6,0.1725
4,2,2,4,6,0.1725
4,2,1,0,7,0.31
4,2,1,1,7,0.1725
4,2,1,2,7,0.1725
4,2,1,3,7,0.1725
4,2,1,4,7,0.1725
4,2,2,0,7,0.31
4,2,2,1,7,0.1725
4,2,2,2,7,0.1725
4,2,2,3,7,0.1725
4,2,2,4,7,0.1725
4,2,1,0,8,0.31
4,2,1,1,8,0.1725
4,2,1,2,8,0.1725
4,2,1,3,8,0.1725
4,2,1,4,8,0.1725
4,2,2,0,8,0.31
4,2,2,1,8,0.1725
4,2,2,2,8,0.1725
4,2,2,3,8,0.1725
4,2,2,4,8,0.1725
4,2,1,0,9,0.31
4,2,1,1,9,0.1725
4,2,1,2,9,0.1725
4,2,1,3,9,0.1725
4,2,1,4,9,0.1725
4,2,2,0,9,0.31
4,2,2,1,9,0.1725
4,2,2,2,9,0.1725
4,2,2,3,9,0.1725
4,2,2,4,9,0.1725
4,2,1,0,10,0.31
4,2,1,1,10,0.1725
4,2,1,2,10,0.1725
4,2,1,3,10,0.1725
4,2,1,4,10,0.1725
4,2,2,0,10,0.31
4,2,2,1,10,0.1725
4,2,2,2,10,0.1725
4,2,2,3,10,0.1725
4,2,2,4,10,0.1725
4,2,1,0,11,0.31
4,2,1,1,11,0.1725
4,2,1,2,11,0.1725
4,2,1,3,11,0.1725
4,2,1,4,11,0.1725
4,2,2,0,11,0.31
4,2,2,1,11,0.1725
4,2,2,2,11,0.1725
4,2,2,3,11,0.1725
4,2,2,4,11,0.1725
4,2,1,0,12,0.31
4,2,1,1,12,0.1725
4,2,1,2,12,0.1725
4,2,1,3,12,0.1725
4,2,1,4,12,0.1725
4,2,2,0,12,0.31
4,2,2,1,12,0.1725
4,2,2,2,12,0.1725
4,2,2,3,12,0.1725
4,2,2,4,12,0.1725
4,3,1,0,1,0.31
4,3,1,1,1,0.1725
4,3,1,2,1,0.1725
4,3,1,3,1,0.1725
4,3,1,4,1,0.1725
4,3,2,0,1,0.31
4,3,2,1,1,0.1725
4,3,2,2,1,0.1725
4,3,2,3,1,0.1725
4,3,2,4,1,0.1725
4,3,1,0,2,0.31
4,3,1,1,2,0.1725
4,3,1,2,2,0.1725
4,3,1,3,2,0.1725
4,3,1,4,2,0.1725
4,3,2,0,2,0.31
4,3,2,1,2,0.1725
4,3,2,2,2,0.1725
4,3,2,3,2,0.1725
4,3,2,4,2,0.1725
4,3,1,0,3,0.31
4,3,1,1,3,0.1725
4,3,1,2,3,0.1725
4,3,1,3,3,0.1725
4,3,1,4,3,0.1725
4,3,2,0,3,0.31
4,3,2,1,3,0.1725
4,3,2,2,3,0.1725
4,3,2,3,3,0.1725
4,3,2,4,3,0.1725
4,3,1,0,4,0.31
4,3,1,1,4,0.1725
4,3,1,2,4,0.1725
4,3,1,3,4,0.1725
4,3,1,4,4,0.1725
4,3,2,0,4,0.31
4,3,2,1,4,0.1725
4,3,2,2,4,0.1725
4,3,2,3,4,0.1725
4,3,2,4,4,0.1725
4,3,1,0,5,0.31
4,3,1,1,5,0.1725
4,3,1,2,5,0.1725
4,3,1,3,5,0.1725
4,3,1,4,5,0.1725
4,3,2,0,5,0.31
4,3,2,1,5,0.1725
4,3,2,2,5,0.1725
4,3,2,3,5,0.1725
4,3,2,4,5,0.1725
4,3,1,0,6,0.31
4,3,1,1,6,0.1725
4,3,1,2,6,0.1725
4,3,1,3,6,0.1725
4,3,1,4,6,0.1725
4,3,2,0,6,0.31
4,3,2,1,6,0.1725
4,3,2,2,6,0.1725
4,3,2,3,6,0.1725
4,3,2,4,6,0.1725
4,3,1,0,7,0.31
4,3,1,1,7,0.1725
4,3,1,2,7,0.1725
4,3,1,3,7,0.1725
4,3,1,4,7,0.1725
4,3,2,0,7,0.31
4,3,2,1,7,0.1725
4,3,2,2,7,0.1725
4,3,2,3,7,0.1725
4,3,2,4,7,0.1725
4,3,1,0,8,0.31
4,3,1,1,8,0.1725
4,3,1,2,8,0.1725
4,3,1,3,8,0.1725
4,3,1,4,8,0.1725
4,3,2,0,8,0.31
4,3,2,1,8,0.1725
4,3,2,2,8,0.1725
4,3,2,3,8,0.1725
4,3,2,4,8,0.1725
4,3,1,0,9,0.31
4,3,1,1,9,0.1725
4,3,1,2,9,0.1725
4,3,1,3,9,0.1725
4,3,1,4,9,0.1725
4,3,2,0,9,0.31
4,3,2,1,9,0.1725
4,3,2,2,9,0.1725
4,3,2,3,9,0.1725
4,3,2,4,9,0.1725
4,3,1,0,10,0.31
4,3,1,1,10,0.1725
4,3,1,2,10,0.1725
4,3,1,3,10,0.1725
4,3,1,4,10,0.1725
4,3,2,0,10,0.31
4,3,2,1,10,0.1725
4,3,2,2,10,0.1725
4,3,2,3,10,0.1725
4,3,2,4,10,0.1725
4,3,1,0,11,0.31
4,3,1,1,11,0.1725
4,3,1,2,11,0.1725
4,3,1,3,11,0.1725
4,3,1,4,11,0.1725
4,3,2,0,11,0.31
4,3,2,1,11,0.1725
4,3,2,2,11,0.1725
4,3,2,3,11,0.1725
4,3,2,4,11,0.1725
4,3,1,0,12,0.31
4,3,1,1,12,0.1725
4,3,1,2,12,0.1725
4,3,1,3,12,0.1725
4,3,1,4,12,0.1725
4,3,2,0,12,0.31
4,3,2,1,12,0.1725
4,3,2,2,12,0.1725
4,3,2,3,12,0.1725
4,3,2,4,12,0.1725
4,4,1,0,1,0.95
4,4,1,1,1,0.0125
4,4,1,2,1,0.0125
4,4,1,3,1,0.0125
4,4,1,4,1,0.0125
4,4,2,0,1,0.95
4,4,2,1,1,0.0125
4,4,2,2,1,0.0125
4,4,2,3,1,0.0125
4,4,2,4,1,0.0125
4,4,1,0,2,0.95
4,4,1,1,2,0.0125
4,4,1,2,2,0.0125
4,4,1,3,2,0.0125
4,4,1,4,2,0.0125
4,4,2,0,2,0.95
4,4,2,1,2,0.0125
4,4,2,2,2,0.0125
4,4,2,3,2,0.0125
4,4,2,4,2,0.0125
4,4,1,0,3,0.79
4,4,1,1,3,0.0125
4,4,1,2,3,0.0125
4,4,1,3,3,0.0125
4,4,1,4,3,0.0125
4,4,2,0,3,0.79
4,4,2,1,3,0.0125
4,4,2,2,3,0.0125
4,4,2,3,3,0.0125
4,4,2,4,3,0.0125
4,4,1,0,4,0.79
4,4,1,1,4,0.0125
4,4,1,2,4,0.0125
4,4,1,3,4,0.0125
4,4,1,4,4,0.0125
4,4,2,0,4,0.79
4,4,2,1,4,0.0125
4,4,2,2,4,0.0125
4,4,2,3,4,0.0125
4,4,2,4,4,0.0125
4,4,1,0,5,0.79
4,4,1,1,5,0.0125
4,4,1,2,5,0.0125
4,4,1,3,5,0.0125
4,4,1,4,5,0.0125
4,4,2,0,5,0.79
4,4,2,1,5,0.0125
4,4,2,2,5,0.0125
4,4,2,3,5,0.0125
4,4,2,4,5,0.0125
4,4,1,0,6,0.39
4,4,1,1,6,0.1525
4,4,1,2,6,0.1525
4,4,1,3,6,0.1525
4,4,1,4,6,0.1525
4,4,2,0,6,0.39
4,4,2,1,6,0.1525
4,4,2,2,6,0.1525
4,4,2,3,6,0.1525
4,4,2,4,6,0.1525
4,4,1,0,7,0.39
4,4,1,1,7,0.1525
4,4,1,2,7,0.1525
4,4,1,3,7,0.1525
4,4,1,4,7,0.1525
4,4,2,0,7,0.39
4,4,2,1,7,0.1525
4,4,2,2,7,0.1525
4,4,2,3,7,0.1525
4,4,2,4,7,0.1525
4,4,1,0,8,0.39
4,4,1,1,8,0.1525
4,4,1,2,8,0.1525
4,4,1,3,8,0.1525
4,4,1,4,8,0.1525
4,4,2,0,8,0.39
4,4,2,1,8,0.1525
4,4,2,2,8,0.1525
4,4,2,3,8,0.1525
4,4,2,4,8,0.1525
4,4,1,0,9,0.39
4,4,1,1,9,0.1525
4,4,1,2,9,0.1525
4,4,1,3,9,0.1525
4,4,1,4,9,0.1525
4,4,2,0,9,0.39
4,4,2,1,9,0.1525
4,4,2,2,9,0.1525
4,4,2,3,9,0.1525
4,4,2,4,9,0.1525
4,4,1,0,10,0.39
4,4,1,1,10,0.1525
4,4,1,2,10,0.1525
4,4,1,3,10,0.1525
4,4,1,4,10,0.1525
4,4,2,0,10,0.39
4,4,2,1,10,0.1525
4,4,2,2,10,0.1525
4,4,2,3,10,0.1525
4,4,2,4,10,0.1525
4,4,1,0,11,0.39
4,4,1,1,11,0.1525
4,4,1,2,11,0.1525
4,4,1,3,11,0.1525
4,4,1,4,11,0.1525
4,4,2,0,11,0.39
4,4,2,1,11,0.1525
4,4,2,2,11,0.1525
4,4,2,3,11,0.1525
4,4,2,4,11,0.1525
4,4,1,0,12,0.95
4,4,1,1,12,0.0125
4,4,1,2,12,0.0125
4,4,1,3,12,0.0125
4,4,1,4,12,0.0125
4,4,2,0,12,0.95
4,4,2,1,12,0.0125
4,4,2,2,12,0.0125
4,4,2,3,12,0.0125
4,4,2,4,12,0.0125
4,5,1,0,1,0.95
4,5,1,1,1,0.0125
4,5,1,2,1,0.0125
4,5,1,3,1,0.0125
4,5,1,4,1,0.0125
4,5,2,0,1,0.95
4,5,2,1,1,0.0125
4,5,2,2,1,0.0125
4,5,2,3,1,0.0125
4,5,2,4,1,0.0125
4,5,1,0,2,0.95
4,5,1,1,2,0.0125
4,5,1,2,2,0.0125
4,5,1,3,2,0.0125
4,5,1,4,2,0.0125
4,5,2,0,2,0.95
4,5,2,1,2,0.0125
4,5,2,2,2,0.0125
4,5,2,3,2,0.0125
4,5,2,4,2,0.0125
4,5,1,0,3,0.79
4,5,1,1,3,0.0125
4,5,1,2,3,0.0125
4,5,1,3,3,0.0125
4,5,1,4,3,0.0125
4,5,2,0,3,0.79
4,5,2,1,3,0.0125
4,5,2,2,3,0.0125
4,5,2,3,3,0.0125
4,5,2,4,3,0.0125
4,5,1,0,4,0.79
4,5,1,1,4,0.0125
4,5,1,2,4,0.0125
4,5,1,3,4,0.0125
4,5,1,4,4,0.0125
4,5,2,0,4,0.79
4,5,2,1,4,0.0125
4,5,2,2,4,0.0125
4,5,2,3,4,0.0125
4,5,2,4,4,0.0125
4,5,1,0,5,0.79
4,5,1,1,5,0.0125
4,5,1,2,5,0.0125
4,5,1,3,5,0.0125
4,5,1,4,5,0.0125
4,5,2,0,5,0.79
4,5,2,1,5,0.0125
4,5,2,2,5,0.0125
4,5,2,3,5,0.0125
4,5,2,4,5,0.0125
4,5,1,0,6,0.39
4,5,1,1,6,0.1525
4,5,1,2,6,0.1525
4,5,1,3,6,0.1525
4,5,1,4,6,0.1525
4,5,2,0,6,0.39
4,5,2,1,6,0.1525
4,5,2,2,6,0.1525
4,5,2,3,6,0.1525
4,5,2,4,6,0.1525
4,5,1,0,7,0.39
4,5,1,1,7,0.1525
4,5,1,2,7,0.1525
4,5,1,3,7,0.1525
4,5,1,4,7,0.1525
4,5,2,0,7,0.39
4,5,2,1,7,0.1525
4,5,2,2,7,0.1525
4,5,2,3,7,0.1525
4,5,2,4,7,0.1525
4,5,1,0,8,0.39
4,5,1,1,8,0.1525
4,5,1,2,8,0.1525
4,5,1,3,8,0.1525
4,5,1,4,8,0.1525
4,5,2,0,8,0.39
4,5,2,1,8,0.1525
4,5,2,2,8,0.1525
4,5,2,3,8,0.1525
4,5,2,4,8,0.1525
4,5,1,0,9,0.39
4,5,1,1,9,0.1525
4,5,1,2,9,0.1525
4,5,1,3,9,0.1525
4,5,1,4,9,0.1525
4,5,2,0,9,0.39
4,5,2,1,9,0.1525
4,5,2,2,9,0.1525
4,5,2,3,9,0.1525
4,5,2,4,9,0.1525
4,5,1,0,10,0.39
4,5,1,1,10,0.1525
4,5,1,2,10,0.1525
4,5,1,3,10,0.1525
4,5,1,4,10,0.1525
4,5,2,0,10,0.39
4,5,2,1,10,0.1525
4,5,2,2,10,0.1525
4,5,2,3,10,0.1525
4,5,2,4,10,0.1525
4,5,1,0,11,0.39
4,5,1,1,11,0.1525
4,5,1,2,11,0.1525
4,5,1,3,11,0.1525
4,5,1,4,11,0.1525
4,5,2,0,11,0.39
4,5,2,1,11,0.1525
4,5,2,2,11,0.1525
4,5,2,3,11,0.1525
4,5,2,4,11,0.1525
4,5,1,0,12,0.95
4,5,1,1,12,0.0125
4,5,1,2,12,0.0125
4,5,1,3,12,0.0125
4,5,1,4,12,0.0125
4,5,2,0,12,0.95
4,5,2,1,12,0.0125
4,5,2,2,12,0.0125
4,5,2,3,12,0.0125
4,5,2,4,12,0.0125
4,6,1,0,1,0
4,6,1,1,1,0.25
4,6,1,2,1,0.25
4,6,1,3,1,0.25
4,6,1,4,1,0.25
4,6,2,0,1,0
4,6,2,1,1,0.25
4,6,2,2,1,0.25
4,6,2,3,1,0.25
4,6,2,4,1,0.25
4,6,1,0,2,0
4,6,1,1,2,0.25
4,6,1,2,2,0.25
4,6,1,3,2,0.25
4,6,1,4,2,0.25
4,6,2,0,2,0
4,6,2,1,2,0.25
4,6,2,2,2,0.25
4,6,2,3,2,0.25
4,6,2,4,2,0.25
4,6,1,0,3,0
4,6,1,1,3,0.25
4,6,1,2,3,0.25
4,6,1,3,3,0.25
4,6,1,4,3,0.25
4,6,2,0,3,0
4,6,2,1,3,0.25
4,6,2,2,3,0.25
4,6,2,3,3,0.25
4,6,2,4,3,0.25
4,6,1,0,4,0
4,6,1,1,4,0.25
4,6,1,2,4,0.25
4,6,1,3,4,0.25
4,6,1,4,4,0.25
4,6,2,0,4,0
4,6,2,1,4,0.25
4,6,2,2,4,0.25
4,6,2,3,4,0.25
4,6,2,4,4,0.25
4,6,1,0,5,0
4,6,1,1,5,0.25
4,6,1,2,5,0.25
4,6,1,3,5,0.25
4,6,1,4,5,0.25
4,6,2,0,5,0
4,6,2,1,5,0.25
4,6,2,2,5,0.25
4,6,2,3,5,0.25
4,6,2,4,5,0.25
4,6,1,0,6,0
4,6,1,1,6,0.25
4,6,1,2,6,0.25
4,6,1,3,6,0.25
4,6,1,4,6,0.25
4,6,2,0,6,0
4,6,2,1,6,0.25
4,6,2,2,6,0.25
4,6,2,3,6,0.25
4,6,2,4,6,0.25
4,6,1,0,7,0
4,6,1,1,7,0.25
4,6,1,2,7,0.25
4,6,1,3,7,0.25
4,6,1,4,7,0.25
4,6,2,0,7,0
4,6,2,1,7,0.25
4,6,2,2,7,0.25
4,6,2,3,7,0.25
4,6,2,4,7,0.25
4,6,1,0,8,0
4,6,1,1,8,0.25
4,6,1,2,8,0.25
4,6,1,3,8,0.25
4,6,1,4,8,0.25
4,6,2,0,8,0
4,6,2,1,8,0.25
4,6,2,2,8,0.25
4,6,2,3,8,0.25
4,6,2,4,8,0.25
4,6,1,0,9,0
4,6,1,1,9,0.25
4,6,1,2,9,0.25
4,6,1,3,9,0.25
4,6,1,4,9,0.25
4,6,2,0,9,0
4,6,2,1,9,0.25
4,6,2,2,9,0.25
4,6,2,3,9,0.25
4,6,2,4,9,0.25
4,6,1,0,10,0
4,6,1,1,10,0.25
4,6,1,2,10,0.25
4,6,1,3,10,0.25
4,6,1,4,10,0.25
4,6,2,0,10,0
4,6,2,1,10,0.25
4,6,2,2,10,0.25
4,6,2,3,10,0.25
4,6,2,4,10,0.25
4,6,1,0,11,0
4,6,1,1,11,0.25
4,6,1,2,11,0.25
4,6,1,3,11,0.25
4,6,1,4,11,0.25
4,6,2,0,11,0
4,6,2,1,11,0.25
4,6,2,2,11,0.25
4,6,2,3,11,0.25
4,6,2,4,11,0.25
4,6,1,0,12,0
4,6,1,1,12,0.25
4,6,1,2,12,0.25
4,6,1,3,12,0.25
4,6,1,4,12,0.25
4,6,2,0,12,0
4,6,2,1,12,0.25
4,6,2,2,12,0.25
4,6,2,3,12,0.25
4,6,2,4,12,0.25
4,7,1,0,1,0
4,7,1,1,1,0.25
4,7,1,2,1,0.25
4,7,1,3,1,0.25
4,7,1,4,1,0.25
4,7,2,0,1,0
4,7,2,1,1,0.25
4,7,2,2,1,0.25
4,7,2,3,1,0.25
4,7,2,4,1,0.25
4,7,1,0,2,0
4,7,1,1,2,0.25
4,7,1,2,2,0.25
4,7,1,3,2,0.25
4,7,1,4,2,0.25
4,7,2,0,2,0
4,7,2,1,2,0.25
4,7,2,2,2,0.25
4,7,2,3,2,0.25
4,7,2,4,2,0.25
4,7,1,0,3,0
4,7,1,1,3,0.25
4,7,1,2,3,0.25
4,7,1,3,3,0.25
4,7,1,4,3,0.25
4,7,2,0,3,0
4,7,2,1,3,0.25
4,7,2,2,3,0.25
4,7,2,3,3,0.25
4,7,2,4,3,0.25
4,7,1,0,4,0
4,7,1,1,4,0.25
4,7,1,2,4,0.25
4,7,1,3,4,0.25
4,7,1,4,4,0.25
4,7,2,0,4,0
4,7,2,1,4,0.25
4,7,2,2,4,0.25
4,7,2,3,4,0.25
4,7,2,4,4,0.25
4,7,1,0,5,0
4,7,1,1,5,0.25
4,7,1,2,5,0.25
4,7,1,3,5,0.25
4,7,1,4,5,0.25
4,7,2,0,5,0
4,7,2,1,5,0.25
4,7,2,2,5,0.25
4,7,2,3,5,0.25
4,7,2,4,5,0.25
4,7,1,0,6,0
4,7,1,1,6,0.25
4,7,1,2,6,0.25
4,7,1,3,6,0.25
4,7,1,4,6,0.25
4,7,2,0,6,0
4,7,2,1,6,0.25
4,7,2,2,6,0.25
4,7,2,3,6,0.25
4,7,2,4,6,0.25
4,7,1,0,7,0
4,7,1,1,7,0.25
4,7,1,2,7,0.25
4,7,1,3,7,0.25
4,7,1,4,7,0.25
4,7,2,0,7,0
4,7,2,1,7,0.25
4,7,2,2,7,0.25
4,7,2,3,7,0.25
4,7,2,4,7,0.25
4,7,1,0,8,0
4,7,1,1,8,0.25
4,7,1,2,8,0.25
4,7,1,3,8,0.25
4,7,1,4,8,0.25
4,7,2,0,8,0
4,7,2,1,8,0.25
4,7,2,2,8,0.25
4,7,2,3,8,0.25
4,7,2,4,8,0.25
4,7,1,0,9,0
4,7,1,1,9,0.25
4,7,1,2,9,0.25
4,7,1,3,9,0.25
4,7,1,4,9,0.25
4,7,2,0,9,0
4,7,2,1,9,0.25
4,7,2,2,9,0.25
4,7,2,3,9,0.25
4,7,2,4,9,0.25
4,7,1,0,10,0
4,7,1,1,10,0.25
4,7,1,2,10,0.25
4,7,1,3,10,0.25
4,7,1,4,10,0.25
4,7,2,0,10,0
4,7,2,1,10,0.25
4,7,2,2,10,0.25
4,7,2,3,10,0.25
4,7,2,4,10,0.25
4,7,1,0,11,0
4,7,1,1,11,0.25
4,7,1,2,11,0.25
4,7,1,3,11,0.25
4,7,1,4,11,0.25
4,7,2,0,11,0
4,7,2,1,11,0.25
4,7,2,2,11,0.25
4,7,2,3,11,0.25
4,7,2,4,11,0.25
4,7,1,0,12,0
4,7,1,1,12,0.25
4,7,1,2,12,0.25
4,7,1,3,12,0.25
4,7,1,4,12,0.25
4,7,2,0,12,0
4,7,2,1,12,0.25
4,7,2,2,12,0.25
4,7,2,3,12,0.25
4,7,2,4,12,0.25
4,8,1,0,1,0
4,8,1,1,1,0.25
4,8,1,2,1,0.25
4,8,1,3,1,0.25
4,8,1,4,1,0.25
4,8,2,0,1,0
4,8,2,1,1,0.25
4,8,2,2,1,0.25
4,8,2,3,1,0.25
4,8,2,4,1,0.25
4,8,1,0,2,0
4,8,1,1,2,0.25
4,8,1,2,2,0.25
4,8,1,3,2,0.25
4,8,1,4,2,0.25
4,8,2,0,2,0
4,8,2,1,2,0.25
4,8,2,2,2,0.25
4,8,2,3,2,0.25
4,8,2,4,2,0.25
4,8,1,0,3,0
4,8,1,1,3,0.25
4,8,1,2,3,0.25
4,8,1,3,3,0.25
4,8,1,4,3,0.25
4,8,2,0,3,0
4,8,2,1,3,0.25
4,8,2,2,3,0.25
4,8,2,3,3,0.25
4,8,2,4,3,0.25
4,8,1,0,4,0
4,8,1,1,4,0.25
4,8,1,2,4,0.25
4,8,1,3,4,0.25
4,8,1,4,4,0.25
4,8,2,0,4,0
4,8,2,1,4,0.25
4,8,2,2,4,0.25
4,8,2,3,4,0.25
4,8,2,4,4,0.25
4,8,1,0,5,0
4,8,1,1,5,0.25
4,8,1,2,5,0.25
4,8,1,3,5,0.25
4,8,1,4,5,0.25
4,8,2,0,5,0
4,8,2,1,5,0.25
4,8,2,2,5,0.25
4,8,2,3,5,0.25
4,8,2,4,5,0.25
4,8,1,0,6,0
4,8,1,1,6,0.25
4,8,1,2,6,0.25
4,8,1,3,6,0.25
4,8,1,4,6,0.25
4,8,2,0,6,0
4,8,2,1,6,0.25
4,8,2,2,6,0.25
4,8,2,3,6,0.25
4,8,2,4,6,0.25
4,8,1,0,7,0
4,8,1,1,7,0.25
4,8,1,2,7,0.25
4,8,1,3,7,0.25
4,8,1,4,7,0.25
4,8,2,0,7,0
4,8,2,1,7,0.25
4,8,2,2,7,0.25
4,8,2,3,7,0.25
4,8,2,4,7,0.25
4,8,1,0,8,0
4,8,1,1,8,0.25
4,8,1,2,8,0.25
4,8,1,3,8,0.25
4,8,1,4,8,0.25
4,8,2,0,8,0
4,8,2,1,8,0.25
4,8,2,2,8,0.25
4,8,2,3,8,0.25
4,8,2,4,8,0.25
4,8,1,0,9,0
4,8,1,1,9,0.25
4,8,1,2,9,0.25
4,8,1,3,9,0.25
4,8,1,4,9,0.25
4,8,2,0,9,0
4,8,2,1,9,0.25
4,8,2,2,9,0.25
4,8,2,3,9,0.25
4,8,2,4,9,0.25
4,8,1,0,10,0
4,8,1,1,10,0.25
4,8,1,2,10,0.25
4,8,1,3,10,0.25
4,8,1,4,10,0.25
4,8,2,0,10,0
4,8,2,1,10,0.25
4,8,2,2,10,0.25
4,8,2,3,10,0.25
4,8,2,4,10,0.25
4,8,1,0,11,0
4,8,1,1,11,0.25
4,8,1,2,11,0.25
4,8,1,3,11,0.25
4,8,1,4,11,0.25
4,8,2,0,11,0
4,8,2,1,11,0.25
4,8,2,2,11,0.25
4,8,2,3,11,0.25
4,8,2,4,11,0.25
4,8,1,0,12,0
4,8,1,1,12,0.25
4,8,1,2,12,0.25
4,8,1,3,12,0.25
4,8,1,4,12,0.25
4,8,2,0,12,0
4,8,2,1,12,0.25
4,8,2,2,12,0.25
4,8,2,3,12,0.25
4,8,2,4,12,0.25
